,Date_time,Compound,Negative,Neutral,News_outlet,Positive,Tweet,Tweet_number
0,2018-03-23 19:07:00+00:00,0.0,0.0,1.0,BBC,0.0,"RT @BBCOne: .@GaryLineker, @OreOduba, @ThisisDavina &amp; more kick off the biggest ever night of #SportRelief now on @bbcone. @sportrelief 
Fo…",1
1,2018-03-23 18:03:04+00:00,-0.296,0.136,0.864,BBC,0.0,From @taylorswift13 to @Beyonce: these are the secretive musicians who avoid interviews. ?? https://t.co/nqOmaVMzoo https://t.co/sbDga7L5cp,2
2,2018-03-23 17:33:03+00:00,0.0,0.0,1.0,BBC,0.0,"Tonight, @GaryLineker, @ThisisDavina and @OreOduba kick off the biggest ever night of @sportrelief! ??????… https://t.co/tgbpC76heP",3
3,2018-03-23 17:02:01+00:00,0.0,0.0,1.0,BBC,0.0,"Your week, as told by @louistheroux. ??
https://t.co/Ae6bDBpIBW",4
4,2018-03-23 16:27:45+00:00,0.0,0.0,1.0,BBC,0.0,"RT @BBCWales: A #DanceForParkinsons session with @ndcwales for @GetCreativeUK in #Cardiff this week 

Find out what’s happening on the fina…",5
5,2018-03-23 16:00:12+00:00,0.7783,0.0,0.714,BBC,0.286,"Meet Australian maths teacher Eddie Woo, who has won fans worldwide with his high-energy lessons, posted on YouTube… https://t.co/vTfNDZzA3b",6
6,2018-03-23 14:33:40+00:00,-0.4479,0.172,0.828,BBC,0.0,"RT @BBCOne: No @andy_murray, this is not a dream. @GeriHalliwell really IS in your bedroom making you sing Spice Girls songs ?

@sportrelie…",7
7,2018-03-23 14:03:08+00:00,0.5994,0.0,0.813,BBC,0.187,These beautiful photographs reveal how refugees in Tyneside have turned to the healing powers of gardening. ??… https://t.co/2gq0t9FnIR,8
8,2018-03-23 14:00:02+00:00,-0.4767,0.129,0.871,BBC,0.0,"How would you react if you woke up and found Michael McIntyre and Peppa Pig in your bedroom? 

Poor @AndyMurray…

S… https://t.co/7ZP0hUYeKr",9
9,2018-03-23 13:33:04+00:00,0.6114,0.0,0.8,BBC,0.2,Spring is here! ??? Make the most of seasonal ingredients with these delicious soup recipes. https://t.co/fXp7eJXoJc https://t.co/hA1b2bdSrd,10
10,2018-03-23 13:03:02+00:00,0.4939,0.0,0.741,BBC,0.259,"Want to get creative this weekend? Here's how to make a hooky rug. 
#MakeCraftBritain 
https://t.co/uqibyP09s7",11
11,2018-03-23 11:42:55+00:00,0.0,0.0,1.0,BBC,0.0,RT @BBCSport: He was one of English football's first black players and the British Army's first ever black officer to command white troops.…,12
12,2018-03-23 11:42:51+00:00,-0.2006,0.139,0.754,BBC,0.107,RT @BBCRadio2: ? “I thought the script was really frightening and original.” Martin Freeman chats to @achrisevans about his creepy new film…,13
13,2018-03-23 11:42:48+00:00,0.0,0.0,1.0,BBC,0.0,RT @BBCTwo: Our entire weekend plans. ?? #BigCatsAboutTheHouse https://t.co/vl0zUcCdmI,14
14,2018-03-23 11:42:43+00:00,0.3612,0.0,0.872,BBC,0.128,"RT @sportrelief: It looks like #TeamGryffindor are storming ahead in the #HogwartsLeague in the #SportRelief app. 

#TeamHufflepuff, #TeamS…",15
15,2018-03-23 11:30:05+00:00,0.2648,0.0,0.897,BBC,0.103,???Some blueberry muffins sold by cafes and supermarkets contain more than the recommended daily intake of sugar fo… https://t.co/9bh6K8aMH2,16
16,2018-03-23 10:33:01+00:00,-0.6016,0.187,0.813,BBC,0.0,"Friday night is CELEBRITY FIGHT NIGHT! ??

Who'll be victorious? Tune in to #SportRelief to find out!

https://t.co/9ZhgNGmxOD",17
17,2018-03-23 10:03:03+00:00,0.8555,0.0,0.657,BBC,0.343,"Scrolling through headlines, the world can feel like a pretty dark place. So here are nine reasons to be happy. ? ?… https://t.co/KrNoB0qaqC",18
18,2018-03-23 09:30:03+00:00,0.765,0.0,0.583,BBC,0.417,"Would you want secret helpers like these to help you out in nerve-wracking situations? #TheSecretHelpers 
https://t.co/ua2X4vxKR3",19
19,2018-03-23 08:33:01+00:00,0.0,0.0,1.0,BBC,0.0,"Meet the first polar bear cub to be born in the UK in 25 years. ?
https://t.co/njq1r6eONE",20
20,2018-03-22 21:39:27+00:00,0.1511,0.0,0.85,BBC,0.15,"RT @BBCOne: All hail queen Kat! ?? 

#EastEnders @BBCEastenders https://t.co/PLmAc53L6t",21
21,2018-03-22 21:30:01+00:00,0.2732,0.0,0.884,BBC,0.116,"Istanbul's Blue Mosque looks spectacular. @wmarybeard looks at the art, meaning and significance of calligraphy the… https://t.co/Mv3voUkcvc",22
22,2018-03-22 21:20:05+00:00,0.0,0.0,1.0,BBC,0.0,? The artist reimagining Islamic calligraphy for the 21st Century: https://t.co/wgbVwZLDEa #Civilisations https://t.co/nxW6Sokjdn,23
23,2018-03-22 20:30:01+00:00,-0.6486,0.202,0.798,BBC,0.0,"In 1918, the very first signs of the Spanish Flu pandemic were kept under wraps. So how did the deadly illness get… https://t.co/zuZryXLihL",24
24,2018-03-22 19:04:04+00:00,0.0,0.0,1.0,BBC,0.0,Go behind-the-scenes at @TheBigCatSanct where expert Giles Clark is hand-rearing a jaguar cub. ?… https://t.co/0hDQP6X1wA,25
25,2018-03-22 18:30:09+00:00,0.0516,0.159,0.625,BBC,0.216,"Tai chi has been recommended to help people with the chronic pain condition fibromyalgia. 

https://t.co/uYDlKfWbt7 https://t.co/Y7P9ceP82j",26
26,2018-03-22 17:33:04+00:00,-0.25,0.083,0.917,BBC,0.0,"The cost of living alone, rather than living as a couple, is more than £1000 a year. ??

This is the price of being… https://t.co/udzI9xGci6",27
27,2018-03-22 17:03:54+00:00,0.0,0.0,1.0,BBC,0.0,.@ManUtd have applied to have a professional women's team. ?? https://t.co/rxzdRsDhUd https://t.co/meO65NRCtm,28
28,2018-03-22 17:03:05+00:00,0.128,0.092,0.795,BBC,0.113,"Worried about your impact on the planet? ??

This is how to make your next holiday more eco-friendly. ???

?… https://t.co/wCmDZJledV",29
29,2018-03-22 16:04:06+00:00,-0.4753,0.128,0.872,BBC,0.0,"Think twice before you throw your kitchen waste in the bin! Here's how to grow plants from kitchen scraps. ???

?… https://t.co/MMgrC8yseG",30
30,2018-03-22 15:00:43+00:00,0.4184,0.0,0.859,BBC,0.141,"RT @mixital: ??New #DoctorWho writing challenge!??
Write a story featuring Rory Williams! Share it with us here: https://t.co/zW42ZnvJnc

#…",31
31,2018-03-22 15:00:01+00:00,-0.9168,0.385,0.615,BBC,0.0,"Could you name the disaster that killed the most people in the last 100 years?

Contagion! The BBC Four Pandemic |… https://t.co/10zHfD8PHT",32
32,2018-03-22 14:30:10+00:00,0.6705,0.1,0.594,BBC,0.306,"?Some musicians love doing them, others don’t.

Seven secretive musicians who like to avoid interviews:… https://t.co/7Rm55Ddynj",33
33,2018-03-22 13:53:48+00:00,0.4215,0.0,0.882,BBC,0.118,"RT @BBCEarth: Today is #WorldWaterDay. This teen has an ingenious way to test the safety of water around the world 
@BBC_Future https://t.c…",34
34,2018-03-22 13:33:04+00:00,-0.4767,0.129,0.871,BBC,0.0,"Has @chrishughes_22 read any of his own book? ??

Here's what he confessed when he took on @BBCR1's fake lie detect… https://t.co/tVaKesbKQ1",35
35,2018-03-22 13:14:13+00:00,0.0,0.0,1.0,BBC,0.0,Secret Universe: The Hidden Life of the Cell is on @BBCFOUR tonight at 8pm. ? https://t.co/PVf4thZOb3,36
36,2018-03-22 13:02:00+00:00,-0.7184,0.24,0.76,BBC,0.0,A battle is raging in your body right now. This is how the TRIM 21 protein defends your cells from viruses. https://t.co/XUAPbRS4j5,37
37,2018-03-22 12:30:10+00:00,-0.4404,0.132,0.868,BBC,0.0,"??Footloose, Fleetwood Mac's Rumours and Le Freak are among the classic records about to enter the US National Reco… https://t.co/gDLNOmNLhY",38
38,2018-03-22 11:30:17+00:00,0.5423,0.0,0.811,BBC,0.189,"Meet the five artists who have been shortlisted for the £30,000 Hepworth sculpture award. https://t.co/1UGe2zQlDT https://t.co/MwWxUZWAhs",39
39,2018-03-22 10:58:34+00:00,0.0,0.0,1.0,BBC,0.0,"RT @bbcwritersroom: Check out an interview with the #writer of #TheAssassinationofGianniVersace @tomrobsmith on our blog
https://t.co/m5rty…",40
40,2018-03-22 10:49:54+00:00,-0.5994,0.245,0.755,BBC,0.0,RT @bbcthree: 'I was the only female in a violent all-male gang' https://t.co/NjF720J71M https://t.co/k7T0PqyuiG,41
41,2018-03-22 10:30:09+00:00,-0.296,0.216,0.784,BBC,0.0,?Can social media stop you getting a job? https://t.co/M9uTa8vMHA https://t.co/LwXJCGgW0b,42
42,2018-03-22 09:54:21+00:00,0.0,0.0,1.0,BBC,0.0,RT @bbcpress: 50 classic cookery shows served up on @BBCiPlayer this Easter: https://t.co/RbyjFq6Dsj https://t.co/Hvt1m1dhpU,43
43,2018-03-22 09:33:03+00:00,0.0,0.0,1.0,BBC,0.0,"Come on, who doesn't say ""xylophone"" on a daily basis? ??@daraobriain #LiveAtTheApollo

https://t.co/5k1yKuwpzA",44
44,2018-03-22 08:33:02+00:00,-0.3612,0.185,0.815,BBC,0.0,"Tantrums are inevitable... ??This is how you raise a baby jaguar. #BigCatsAboutTheHouse

https://t.co/4mBf6xmvOr",45
45,2018-03-21 20:56:41+00:00,0.0,0.0,1.0,BBC,0.0,"RT @BBCSport: John Bishop’s on a one man mission to World Cup victory for @SportRelief!

Keep an eye out here for Geoff Hurst's 'dab' ???…",46
46,2018-03-21 20:51:06+00:00,-0.1154,0.079,0.921,BBC,0.0,"""I felt vulnerable but now I feel empowered.”

25-year-old rapper Paigey Cakey had a hair transplant after her hair… https://t.co/fGoueTbzyQ",47
47,2018-03-21 20:03:04+00:00,0.0,0.0,1.0,BBC,0.0,"Watch as @ZoeTheBall attempts to cycle over 300 miles, to raise awareness about mental health and raise money for… https://t.co/qGcCT8wLSt",48
48,2018-03-21 19:03:04+00:00,-0.5994,0.163,0.837,BBC,0.0,"Who were my parents - and why was I left on a hillside to die? 

After a life full of questions, Anthea finally has… https://t.co/5fEma0vgfw",49
49,2018-03-21 17:03:04+00:00,0.4249,0.0,0.865,BBC,0.135,"??You really can't go wrong with a recipe from Mary Berry. 

???? Here are some of @BBCFood's favourites. ?… https://t.co/svyK73KV0o",50
50,2018-03-21 16:30:07+00:00,0.4939,0.0,0.868,BBC,0.132,"Is it too late to save the oceans from plastic? ?

Go behind the scenes of the documentary Sir David Attenborough c… https://t.co/SjXbB6OZAN",51
51,2018-03-21 16:29:54+00:00,0.4019,0.0,0.886,BBC,0.114,"RT @bbcmusic: Anne-Marie, Kylie Minogue, Ladysmith Black Mambazo and more have been added to the lineup for The Queen's Birthday Party conc…",52
52,2018-03-21 15:59:03+00:00,0.0,0.0,1.0,BBC,0.0,"Fictional locations such as Narnia, Gotham City and Neverland have mysteriously appeared on road signs in Oxfordshi… https://t.co/3NzQqfNNux",53
53,2018-03-21 14:03:03+00:00,-0.0516,0.054,0.946,BBC,0.0,"? Did you know that @DBtodomundo was asked to leave his school choir? 

? Here are 11 things we learned from the Ta… https://t.co/tusEZQgIbG",54
54,2018-03-21 13:30:02+00:00,0.0,0.0,1.0,BBC,0.0,What did students think when the BBC transported them to places they never thought possible? #ForReal… https://t.co/KFgZaE3PXi,55
55,2018-03-21 13:03:01+00:00,0.0,0.0,1.0,BBC,0.0,"Almost 1,000 sausage dogs have taken part in a dachshund dash! ?????

https://t.co/SMYaziJUrq",56
56,2018-03-21 12:33:01+00:00,0.1779,0.0,0.909,BBC,0.091,"Ruben is a star of @cbbc's #TheDumpingGround and has Down's Syndrome.

Growing up with a disability could have been… https://t.co/lNo1Pa2wTu",57
57,2018-03-21 11:46:05+00:00,0.8271,0.0,0.661,BBC,0.339,The annual Marmalade Festival held at the weekend is one of the UK's many festivals dedicated solely to a particula… https://t.co/I75Ufx17Gq,58
58,2018-03-21 11:03:01+00:00,0.0,0.0,1.0,BBC,0.0,"Spring has officially sprung! ?????

https://t.co/fAZSeVV8Oo",59
59,2018-03-21 10:03:03+00:00,0.4003,0.0,0.856,BBC,0.144,"""I've just had a haircut so I now look ninety-nine-and-a-half!"" ?????

A 100-year-old called Sadie has shared the s… https://t.co/X9QbWw0Ey0",60
60,2018-03-21 09:58:25+00:00,0.0,0.0,1.0,BBC,0.0,"RT @BBC_Teach: On #WorldPoetryDay let us know which your class’ favourite poem and/or poet?

Is it one of these? ?? https://t.co/qtn7IPXDFH…",61
61,2018-03-21 09:58:01+00:00,0.34,0.082,0.776,BBC,0.142,RT @bbcthree: This inspirational teacher overcame his stammer and is now showing his students how to do the same. https://t.co/JMAWR0conA,62
62,2018-03-21 09:57:49+00:00,0.7845,0.0,0.566,BBC,0.434,RT @bbcthree: This Country winning their 3rd award ??? #RTSAwards https://t.co/oBdg1KruHK,63
63,2018-03-21 09:57:28+00:00,0.5994,0.0,0.837,BBC,0.163,"RT @bbcpress: Four new dramas announced for @BBCOne from writers Marnie Dickens (#Thirteen), Levi David Addai (#Damilola, Our Loved Boy), B…",64
64,2018-03-21 09:57:09+00:00,0.4574,0.0,0.885,BBC,0.115,RT @BBCOne: #EastEnders is back on Thursday with a special double bill at 7.30pm and 9pm on @BBCOne! And you know what that means… https://…,65
65,2018-03-21 09:33:01+00:00,0.7125,0.0,0.709,BBC,0.291,"??? @AlanCarr responds to those weather forecasters that LOVE a bit of drama. 
https://t.co/T9gpTdqDt3",66
66,2018-03-21 09:03:05+00:00,0.0,0.0,1.0,BBC,0.0,"??? Did you know that the head of a sunflower is built of up to 2000 flowers? 

?? https://t.co/aIWLu7AQES https://t.co/gNmcaG1ri5",67
67,2018-03-21 08:02:03+00:00,0.9336,0.0,0.438,BBC,0.562,"Wow! 19-year-old Justice Osei from Ghana has an amazing talent for imitating animals. ???????????
https://t.co/UZqeSyzsQB",68
68,2018-03-20 19:48:04+00:00,0.0,0.0,1.0,BBC,0.0,"This #WorldFrogDay, why not try making an origami jumping frog with @BBCTaster's step-by-step tutorial? ?… https://t.co/jjMqUND883",69
69,2018-03-20 19:03:04+00:00,0.0,0.0,1.0,BBC,0.0,"Michael Portillo travels across India guided by Bradshaw's 1913 Handbook of Indian, Foreign and Colonial Travel. ??… https://t.co/4WG0esDk8m",70
70,2018-03-20 18:33:01+00:00,-0.3859,0.16,0.768,BBC,0.071,"Can you watch this without laughing? ?? You'll want your sound on for this! #InternationalDayOfHappiness

https://t.co/vA5yr0PCC5",71
71,2018-03-20 17:33:03+00:00,0.34,0.102,0.738,BBC,0.16,"Professor Stephen Hawking's funeral will take place in Cambridge - ""the city that he loved so much and which loved… https://t.co/LHh0Nfeh6U",72
72,2018-03-20 17:03:01+00:00,0.0,0.0,1.0,BBC,0.0,"Un-bee-lievable! ?? Meet the woman who kept a bee as a pet. 
https://t.co/5zRxWpSGOH",73
73,2018-03-20 16:05:04+00:00,0.0,0.0,1.0,BBC,0.0,"Arise, Sir Ringo! ??@thebeatles drummer @ringostarrmusic has been knighted for his services to music.… https://t.co/OQLixgO2Zi",74
74,2018-03-20 15:33:03+00:00,0.0,0.0,1.0,BBC,0.0,The first polar bear cub to be born in the UK for 25 years has emerged from his den at Scotland's Highland Wildlife… https://t.co/WZLoy2mz7y,75
75,2018-03-20 15:03:02+00:00,0.4084,0.0,0.868,BBC,0.132,"'Everybody has a voice'. ????

Rugby legends JPR Williams and JJ Williams visit @FMNChorus and the BBC National Cho… https://t.co/myuIpumZnL",76
76,2018-03-20 14:24:06+00:00,0.6369,0.0,0.741,BBC,0.259,?The best pictures from the 2018 Paralympic Winter Games in Pyeongchang: https://t.co/w8dYDPHkAw https://t.co/0SVnupv9rB,77
77,2018-03-20 14:03:04+00:00,0.0,0.0,1.0,BBC,0.0,Prince Harry and Meghan Markle have chosen an organic lemon and elderflower cake for their wedding in May. ???… https://t.co/H7dWlxmYcR,78
78,2018-03-20 13:16:25+00:00,0.2235,0.0,0.881,BBC,0.119,"RT @BBCWalesNews: ???Cinema makes maths class an offer they can't refuse
Full story: https://t.co/Uwg6NTRFVF https://t.co/hr4dglHIu3",79
79,2018-03-20 13:02:01+00:00,-0.4023,0.162,0.838,BBC,0.0,"People always have an opinion. ?? Here's why @AlanCarr doesn't trust TripAdvisor reviews. #LiveAtTheApollo 

https://t.co/PvF6K9hYMI",80
80,2018-03-20 11:03:23+00:00,0.6114,0.0,0.818,BBC,0.182,"From a spot of spring cleaning to rolling cheese down a hill... ???

Here are nine ways to celebrate spring!… https://t.co/ujBmBsHast",81
81,2018-03-20 10:30:04+00:00,-0.6369,0.271,0.636,BBC,0.093,"Sudan, the world's last surviving male northern white rhino has died after months of ill health. ??… https://t.co/BnYne3cI2L",82
82,2018-03-20 10:04:02+00:00,0.3642,0.0,0.827,BBC,0.173,"This #InternationalDayOfHappiness, let's all try to be a little more like @chessmartinez. ??#LiveAtTheApollo 

https://t.co/VddL8zWJfS",83
83,2018-03-20 09:49:33+00:00,0.0,0.0,1.0,BBC,0.0,"RT @BBCOne: They've finally quacked the case.

https://t.co/eq4dLcauhe",84
84,2018-03-20 09:49:23+00:00,-0.3182,0.19,0.683,BBC,0.127,"RT @BBCEarth: Sudan’s death leaves just two females of the subspecies alive in the world 
https://t.co/kCpRCxFaFY",85
85,2018-03-20 09:49:10+00:00,0.25,0.087,0.78,BBC,0.133,RT @bbcthree: RuPaul is the first drag queen to get a Hollywood star. Sissy that Walk of Fame.  https://t.co/SmqOPQizh3 https://t.co/hWb1Xm…,86
86,2018-03-20 09:49:02+00:00,0.0,0.0,1.0,BBC,0.0,"RT @BBCBreakfast: ????BBRRR....Could it be the coldest day yet for the Spring Equinox?
Let us know what temp it is where you are today.  #S…",87
87,2018-03-20 09:32:02+00:00,0.4939,0.0,0.814,BBC,0.186,"Meet Bumblebee and Gnat, two adorable badger cubs being raised at an animal sanctuary. ?
https://t.co/Ihami0VtL0",88
88,2018-03-20 09:03:04+00:00,0.0,0.0,1.0,BBC,0.0,Spring is here! But what is the #SpringEquinox? ????https://t.co/RiWP3PC7Yo https://t.co/FIKocYFP6C,89
89,2018-03-20 08:25:06+00:00,0.0,0.0,1.0,BBC,0.0,Five times Beyonce and Jay-Z’s daughter Blue Ivy outshone her parents. ?? https://t.co/JaNAzsofOm https://t.co/DnoyApY0yL,90
90,2018-03-20 08:03:03+00:00,0.0,0.0,1.0,BBC,0.0,Traditional Highland Games sports such as tossing the caber and tug-of-war are to be taught in PE lessons. ?… https://t.co/jv5wlpmlyT,91
91,2018-03-19 19:33:04+00:00,-0.3818,0.11,0.89,BBC,0.0,"Follow the dramatic and deadly series of events that took place at two funerals in Belfast in March 1988. 

The Fun… https://t.co/y3MZaR8hsi",92
92,2018-03-19 18:33:05+00:00,0.1531,0.116,0.709,BBC,0.175,"Leonardo DiCaprio stars in the true story of a con man who cashed fake cheques worth millions. 

Catch Me If You Ca… https://t.co/HWShPj9ngi",93
93,2018-03-19 18:03:01+00:00,-0.1027,0.08,0.92,BBC,0.0,"?? @AlanCarr learned the hard way that you only get one shot at a school photo. #LiveAtTheApollo 

https://t.co/fv5JmcRgz4",94
94,2018-03-19 17:30:08+00:00,0.0,0.0,1.0,BBC,0.0,?Pop band @FifthHarmony have announced they're taking a break to pursue solo careers ?https://t.co/tLOR7h1gZy https://t.co/5c77Cfjfp6,95
95,2018-03-19 17:00:05+00:00,-0.7096,0.414,0.442,BBC,0.144,"Murder. Innocence. Lies. 

@AgathaChristie classic, #OrdealByInnocence, comes to @BBCOne soon.
https://t.co/qfJThHowXC",96
96,2018-03-19 16:33:29+00:00,0.0,0.0,1.0,BBC,0.0,Here are the latest snow scenes from around the UK. ??? https://t.co/eTBGkQ4MPU https://t.co/txRHxkOn5C,97
97,2018-03-19 15:02:02+00:00,0.0,0.0,1.0,BBC,0.0,'Flabbergasted'. ?This is the incredible moment when eight London teenagers heard a live opera singer for the first… https://t.co/jNki4Z61SE,98
98,2018-03-19 14:30:08+00:00,0.0,0.0,1.0,BBC,0.0,"Meet the dancing slum kids tipped for stardom by Rihanna ?
https://t.co/R61fzQGIzd https://t.co/wGcvBKmdaZ",99
99,2018-03-19 13:44:55+00:00,0.6588,0.0,0.788,BBC,0.212,"RT @bbcgetinspired: The Nation's Billion Steps Challenge is here! ? 

Yesterday we did an amazing 431 million steps – can we do even better…",100
100,2018-03-23 22:33:52+00:00,0.6996,0.0,0.806,CBS,0.194,Get ready for some sweet games! Stream #5 Clemson vs #1 Kansas LIVE at 7PM ET and #11 Syracuse vs #2 Duke LIVE at 9… https://t.co/4WstgrKNnW,1
101,2018-03-23 22:33:04+00:00,0.4939,0.0,0.686,CBS,0.314,RT @SEALTeamCBS: In honor of #NationalPuppyDay... ? #SEALTeam https://t.co/4mIZPpiRlU,2
102,2018-03-23 22:32:48+00:00,0.8997,0.0,0.645,CBS,0.355,"RT @HawaiiFive0CBS: Nothing like a man and his dog! ?? Happy #NationalPuppyDay to Eddie, the best pup on the Five-0 Task Force! #H50 https:…",3
103,2018-03-22 22:10:29+00:00,0.0,0.0,1.0,CBS,0.0,Game on! 16 teams left and the race to the finish continues tonight. Stream #11 Loyola-Chicago vs #7 Nevada LIVE at… https://t.co/W374rmzzoC,4
104,2018-03-22 20:52:02+00:00,0.7081,0.066,0.623,CBS,0.311,Save the date! These are season finales you do NOT want to miss. RT if you're excited! https://t.co/UUQoWsPPSh https://t.co/cDl4WmxMtU,5
105,2018-03-22 00:23:38+00:00,0.636,0.0,0.802,CBS,0.198,Congratulations to all of the @CBSDaytime nominees for the #DaytimeEmmys! See the full list of #DaytimeEmmy nominee… https://t.co/ivJVJWvfsf,6
106,2018-03-21 18:00:01+00:00,0.0,0.0,1.0,CBS,0.0,Female Vocalist Of The Year nominee @MarenMorris will show her fans how it’s done when she takes the stage to showc… https://t.co/PITjmAoFT8,7
107,2018-03-20 20:00:01+00:00,0.5106,0.0,0.858,CBS,0.142,The legendary @Reba returns to host the 53rd #ACMawards and she’s proving just how comfortable she is behind the mi… https://t.co/XPXcSPRXqC,8
108,2018-03-20 17:58:43+00:00,0.0,0.0,1.0,CBS,0.0,RT @nancyodell: Told my daughter I'd be presenting at @ACMawards again this year. (Woot woot!We both luv country music!)She took this pic o…,9
109,2018-03-20 16:52:42+00:00,0.5562,0.0,0.826,CBS,0.174,RT @ladyantebellum: Ecstatic to announce we'll be performing at the #ACMawards in Las Vegas again this year! https://t.co/Qfhs94j6FR,10
110,2018-03-20 16:11:00+00:00,0.0,0.0,1.0,CBS,0.0,"Country superstars @kennychesney, @ladyantebellum, @blakeshelton, and @KeithUrban have just been added to the stell… https://t.co/bJ4If7MacP",11
111,2018-03-19 21:02:26+00:00,0.7845,0.072,0.619,CBS,0.309,"RT @YandR_CBS: Forever evolving, Forever inspiring, Forever Young and Restless. ?? Get ready to celebrate 45 years of #YR starting in just…",12
112,2018-03-18 23:44:30+00:00,0.0,0.0,1.0,CBS,0.0,New start times in East/Central Time Zones: #60Minutes 7:37ET/6:37CT #Instinct series premiere 8:37ET/7:37CT… https://t.co/xT3YKqmu2M,13
113,2018-03-18 18:05:43+00:00,0.6514,0.0,0.787,CBS,0.213,Spend your Sunday streaming Second Round games LIVE with a FREE trial of CBS All Access! https://t.co/3P85rXLy4b https://t.co/zbWfirD9Ju,14
114,2018-03-18 17:09:53+00:00,0.1867,0.0,0.92,CBS,0.08,"RT @instinctcbs: TONIGHT, Dr. Dylan Reinhart rewrites the book on abnormal behavior. Don't miss the premiere of #Instinct at 8/7c! https://…",15
115,2018-03-17 19:00:02+00:00,0.0,0.0,1.0,CBS,0.0,"If any duo knows how to rock the stage, it's @FLAGALine. The Vocal Duo Of The Year nominee will perform live at the… https://t.co/FknabB8NQp",16
116,2018-03-17 17:42:43+00:00,0.6166,0.0,0.839,CBS,0.161,How is your bracket looking after last night? Stream Second Round games LIVE today with a FREE trial of CBS All Acc… https://t.co/25JlIpgwog,17
117,2018-03-17 14:00:03+00:00,0.7096,0.0,0.753,CBS,0.247,Where better to spend #StPatricksDay than the place everybody knows your name? It’s just your luck that every singl… https://t.co/Fom5wmdENL,18
118,2018-03-16 22:53:21+00:00,0.296,0.0,0.896,CBS,0.104,Stars @JakeMcDorman and Nik Dodani will join the cast in the upcoming revival of Murphy Brown coming to CBS.… https://t.co/JCAx29lo0i,19
119,2018-03-16 18:15:53+00:00,0.0,0.0,1.0,CBS,0.0,"RT @thegoodfight: Go behind the scenes with costume designer @DanLawsonStyle in ""Behind The Style,"" a new weekly video series all about the…",20
120,2018-03-16 16:28:40+00:00,0.6514,0.0,0.822,CBS,0.178,The games have just begun! Continue to stream First Round games LIVE today with a FREE trial of CBS All Access:… https://t.co/YTGsJ48zYP,21
121,2018-03-15 17:54:06+00:00,0.7088,0.0,0.763,CBS,0.237,"RT @TheTalkCBS: You asked, we answered! The fun never ends when the ladies #KeepTalking and answer your fan questions ???? https://t.co/ie1…",22
122,2018-03-15 17:20:26+00:00,-0.4939,0.157,0.766,CBS,0.077,RT @instinctcbs: Dr. Dylan Reinhart is lured back into the field from his life of quiet academia when a certain serial killer makes things…,23
123,2018-03-15 16:42:41+00:00,0.6514,0.0,0.806,CBS,0.194,Stream First Round games LIVE today starting at 12PM ET with a FREE trial of CBS All Access! https://t.co/3P85rXLy4b https://t.co/vZow3YD8cb,24
124,2018-03-15 14:32:16+00:00,0.6115,0.0,0.734,CBS,0.266,RT @CBSSports: It's the most wonderful time of the year. #MarchMadness https://t.co/e4c9qohqSR,25
125,2018-03-14 19:30:01+00:00,0.6696,0.0,0.781,CBS,0.219,"Give these ladies some love! @Lauren_Alaina, @DBradbery, @carlypearce, and @RaeLynn are nominated for New Female Vo… https://t.co/IVhwURfJ3S",26
126,2018-03-13 18:48:52+00:00,0.3612,0.0,0.857,CBS,0.143,"RT @ManWithAPlan: Hungry for more #ManWithAPlan bloopers and behind-the-scenes videos featuring cast like @matt_leblanc, @thelizasnyder, @k…",27
127,2018-03-13 14:15:10+00:00,0.539,0.0,0.821,CBS,0.179,"Music stars @MileyCyrus, @edsheeran, @ladygaga, and more will honor the legendary @eltonofficial and his hit songs… https://t.co/UzxARCCLnI",28
128,2018-03-12 18:13:28+00:00,0.2244,0.0,0.917,CBS,0.083,RT @thegoodfight: The verdict is in. The new season of #TheGoodFight is ???! Stream it now on CBS All Access: https://t.co/FkYSNSXlRb https…,29
129,2018-03-12 01:20:43+00:00,0.0,0.0,1.0,CBS,0.0,"RT @MadamSecretary: In less than an hour, #MadamSecretary's Keith Carradine will be taking over the @MadamSecretary Twitter page! Tweet alo…",30
130,2018-03-09 22:48:26+00:00,0.4926,0.0,0.883,CBS,0.117,RT @DierksBentley: Take and post a photo of the woman in your life who inspires you daily! Use the hashtag #WomanAmenACM in your post for a…,31
131,2018-03-09 22:24:20+00:00,0.1275,0.092,0.795,CBS,0.113,"RT @MomCBS: If you missed guest star @KChenoweth in the latest episode of #Mom, not to worry! Watch now: https://t.co/RlvXoGOZ0l https://t.…",32
132,2018-03-09 21:10:21+00:00,0.4215,0.0,0.823,CBS,0.177,"Give a round of applause to @KelseaBallerini, @MirandaLambert, @Reba, @MarenMorris, and @CarrieUnderwood, the five… https://t.co/Ncp1BTXx6N",33
133,2018-03-09 18:27:28+00:00,0.8658,0.0,0.553,CBS,0.447,"RT @thegoodfight: Smart, sexy, and sophisticated. See what's coming this season on #TheGoodFight. https://t.co/CuKhx2G50P https://t.co/ygTI…",34
134,2018-03-09 16:02:27+00:00,0.0,0.0,1.0,CBS,0.0,RT @BlueBloods_CBS: Even stand-up guys fall down sometimes. #BlueBloods is new tonight at 10/9c! https://t.co/UOlDm22wWW,35
135,2018-03-08 18:00:49+00:00,0.8625,0.0,0.664,CBS,0.336,Today and every day we celebrate the women in our lives who empower and inspire us. Share a story about an influent… https://t.co/9rVtqrElvT,36
136,2018-03-08 17:03:04+00:00,0.4926,0.0,0.868,CBS,0.132,Take and post a photo of the woman in your life who inspires you daily! Use the hashtag #WomanAmenACM in your post… https://t.co/7ShhvE48zy,37
137,2018-03-07 18:39:10+00:00,-0.2023,0.23,0.619,CBS,0.15,"RT @thegoodfight: Meticulously constructed. Soapy &amp; sexy. Intoxicating, savage television. ? Here's what critics are saying about #TheGoodF…",38
138,2018-03-07 17:06:02+00:00,0.0,0.0,1.0,CBS,0.0,"This just in! @Jason_Aldean, @mirandalambert, @LukeBryanOnline, and many more are set to perform at the 53rd Academ… https://t.co/mfxw2VxzU4",39
139,2018-03-06 18:10:59+00:00,0.6705,0.0,0.756,CBS,0.244,"Meet the ensemble of talented actors slated to join $1, a new mystery series coming to CBS All Access:… https://t.co/QoyYv7vxwg",40
140,2018-03-05 22:16:43+00:00,0.3818,0.0,0.833,CBS,0.167,"Will @Jason_Aldean, @garthbrooks, @LukeBryanOnline, @ChrisStapleton, or @KeithUrban be named Entertainer Of The Yea… https://t.co/rMD8zjeX3s",41
141,2018-03-04 08:05:26+00:00,0.4404,0.0,0.884,CBS,0.116,"RT @thegoodfight: It feels good to be back. ??? The season 2 premiere of #TheGoodFight is now streaming, exclusively on CBS All Access: htt…",42
142,2018-03-03 20:55:20+00:00,0.0,0.0,1.0,CBS,0.0,"RT @thegoodfight: Tomorrow, #TheGoodFight is back. Stream the season 2 premiere only on CBS All Access: https://t.co/tNFR8LBJO2 https://t.c…",43
143,2018-03-02 22:30:01+00:00,0.7096,0.0,0.753,CBS,0.247,"Who are the trailblazing women in your life that inspire you? Join CBS and the ANA's #SeeHer initiative, celebratin… https://t.co/M0KqZ41Bes",44
144,2018-03-02 20:30:01+00:00,0.7096,0.0,0.718,CBS,0.282,"Join @maria_bello, @aishatyler and @TeaLeoni in celebrating the accomplishments of women who have contributed to th… https://t.co/MefESBeFL3",45
145,2018-03-02 18:45:00+00:00,0.4939,0.0,0.849,CBS,0.151,"In honor of Women's History Month, CBS and the Association of National Advertisers' (ANA) #SeeHer initiative will p… https://t.co/2wtYxKJVuO",46
146,2018-03-01 18:59:01+00:00,-0.6981,0.21,0.79,CBS,0.0,RT @ZoeListerJones: Tonight’s an all new Life In Pieces and it’s directed by my ride or die @nataliaanderson!!!… https://t.co/2LPfmyLWrY,47
147,2018-03-01 18:12:57+00:00,0.4547,0.092,0.749,CBS,0.159,"RT @MarenMorris: Hot damn! Woke up from my post-wisdom teeth haze to find out I’m up for 4 @ACMawards ! So honored, especially for the Dear…",48
148,2018-03-01 18:11:50+00:00,0.8591,0.0,0.462,CBS,0.538,RT @KelseaBallerini: Ohhhhh goodness. Incredible. Thank you thank you thank you. #female https://t.co/1ZTYjNfQeF,49
149,2018-03-01 18:10:50+00:00,0.4885,0.151,0.615,CBS,0.234,RT @KeithUrban: ACMs...... HOLY SMOKES!!!!! MAD LOVE TO U ALL THIS MORNING  FOR THESE INCREDIBLE NOMINATIONS. I’M EXTREMELY GRATEFUL!!!!!!!…,50
150,2018-03-01 14:36:21+00:00,0.5994,0.0,0.822,CBS,0.178,"RT @ACMawards: Congratulations to this year’s #ACMawards Video of the Year nominees:
“Black” - @DierksBentley
“It Ain’t My Fault” - @Brothe…",51
151,2018-03-01 14:29:20+00:00,0.7717,0.0,0.675,CBS,0.325,"RT @ACMawards: Please give a round of applause to this year’s #ACMawards Entertainer of the Year nominees: @Jason_Aldean, @GarthBrooks, @Lu…",52
152,2018-03-01 14:15:29+00:00,0.6908,0.0,0.725,CBS,0.275,".@ChrisStapleton, @ThomasRhett, @mirandalambert and more are all nominated for awards at Country Music's Party of t… https://t.co/Vm1vXRUDYJ",53
153,2018-03-01 13:50:11+00:00,0.0,0.0,1.0,CBS,0.0,"The Queen of Country, @Reba, is returning to host the 53rd #ACMawards on Sunday, April 15 at 8/7c. Here are a few o… https://t.co/Iqzz6Gql01",54
154,2018-03-01 01:04:52+00:00,0.0,0.0,1.0,CBS,0.0,RT @survivorcbs: It’s time! #Survivor https://t.co/YPk6cGWrUA,55
155,2018-02-28 19:56:58+00:00,0.0,0.0,1.0,CBS,0.0,"RT @CBSThisMorning: TOMORROW: The nominees for the 2018 @ACMawards will be announced live by the one-and-only, @Reba! 

Watch on @CBS in ou…",56
156,2018-02-28 19:08:30+00:00,0.4404,0.0,0.884,CBS,0.116,"RT @thegoodfight: From the set design and costumes to hair and makeup, the production quality is truly next-level. Take a peek inside the u…",57
157,2018-02-27 03:23:47+00:00,0.5562,0.0,0.848,CBS,0.152,RT @LivinBiblically: The fun continues on Facebook! The #LivingBiblically cast is live to talk about tonight’s premiere. Tune in here: http…,58
158,2018-02-26 22:50:32+00:00,0.0,0.0,1.0,CBS,0.0,"RT @KevinCanWaitCBS: Can you get all the way through these #KevinCanWait bloopers without laughing?! @KevinJames,@LeahRemini and the rest o…",59
159,2018-02-26 21:08:30+00:00,0.0,0.0,1.0,CBS,0.0,"RT @ACMawards: That’s right! @Reba is headed to @CBSThisMorning on Thursday, March 1 to announce this year’s #ACMAwards' nominees. Tune in…",60
160,2018-02-26 19:53:41+00:00,0.4482,0.0,0.895,CBS,0.105,"RT @ScorpionCBS: You can't hack your way to a 197 IQ, but you are well on your way with these Genius Facts from #TeamScorpion! ? You can be…",61
161,2018-02-26 18:32:36+00:00,0.784,0.0,0.734,CBS,0.266,RT @SuperiorDonuts: You can always count on @DavidKoechner for a laugh! Did your favorite Tush moment make the list? Catch a new #SuperiorD…,62
162,2018-02-26 18:20:16+00:00,0.9359,0.0,0.571,CBS,0.429,RT @TheTalkCBS: TODAY: We loved them together then &amp; we love seeing them together now! Welcome back to the show @THESaraGilbert?'s good fri…,63
163,2018-02-26 16:53:56+00:00,-0.5423,0.184,0.816,CBS,0.0,"RT @thegoodfight: As foundations begin to crumble, our characters struggle to make sense of this new dystopian world. The cast teases what'…",64
164,2018-02-26 16:52:01+00:00,0.0,0.0,1.0,CBS,0.0,"#LivingBiblically's @linzkraft and @jrfergjr appeared on @KCBS's Facebook Live this morning, talking all about what… https://t.co/4RebcHuuMQ",65
165,2018-02-26 16:17:55+00:00,0.0,0.0,1.0,CBS,0.0,"RT @CBSSports: Introducing CBS Sports HQ, a New 24/7 Direct-to-Consumer Streaming Network for Sports News, Highlights, &amp; Analysis.

Stream…",66
166,2018-02-26 01:12:32+00:00,0.7644,0.0,0.769,CBS,0.231,"RT @CBSBigBrother: It’s down to the final 5 celebrity Houseguests, and anyone could take home the grand prize! Tune in NOW to watch the #BB…",67
167,2018-02-25 21:51:32+00:00,0.0,0.0,1.0,CBS,0.0,RT @startrekcbs: Binge the entire first season of #StarTrekDiscovery. All episodes now streaming exclusively on CBS All Access: https://t.c…,68
168,2018-02-25 21:51:22+00:00,0.0,0.0,1.0,CBS,0.0,"RT @thegoodfight: #TheGoodFight returns in 1 week. Season 2 premieres Sunday, March 4. https://t.co/nomCao1GWp https://t.co/BOn6bOe9Tb",69
169,2018-02-23 18:15:40+00:00,0.5093,0.0,0.845,CBS,0.155,RT @thegoodfight: This is our new favorite thing. Christine Baranski debuted #TheGoodFight the Musical on @colbertlateshow last night! ??…,70
170,2018-02-22 19:26:52+00:00,0.0,0.0,1.0,CBS,0.0,"RT @LivinBiblically: Confession time: have YOU ever hit the ""close door"" button in an elevator while somebody was approaching? The cast of…",71
171,2018-02-21 19:20:04+00:00,0.0,0.0,1.0,CBS,0.0,RT @CBSEyeSpeak: Mark your calendars! #CBSEyeSpeak kicks off March 14 with The EYE Speak Summit. Follow our page for more details! https://…,72
172,2018-02-21 18:19:25+00:00,0.6808,0.0,0.752,CBS,0.248,"RT @CBSEyeSpeak: Proud to announce a new CBS initiative, promoting female empowerment and developing the next generation of leaders through…",73
173,2018-02-20 19:55:19+00:00,0.4404,0.0,0.884,CBS,0.116,"RT @LivinBiblically: When you're living by the Bible, it's good to have a priest and a rabbi on call (provided they answer their phones, th…",74
174,2018-02-20 17:58:18+00:00,-0.4019,0.119,0.881,CBS,0.0,"RT @thegoodfight: Chicago lawyers are being hunted and the world is going insane. 

The new season of #TheGoodFight premieres Sunday, March…",75
175,2018-02-20 17:39:51+00:00,0.3612,0.0,0.872,CBS,0.128,Ready for some larger than life competition? This new series from @MarkBurnettTV will premiere in summer 2018.… https://t.co/gDXHLdIJ5v,76
176,2018-02-17 01:07:20+00:00,0.6124,0.0,0.773,CBS,0.227,"With tournament dreams on the line, make sure to stream these college basketball matchups on CBS All Access:… https://t.co/SGkYUZrQWB",77
177,2018-02-16 18:42:43+00:00,0.3182,0.0,0.892,CBS,0.108,"RT @LivinBiblically: While Chip's sticking to the Bible's original rules, the cast of #LivingBiblically has given them a more modern makeov…",78
178,2018-02-16 17:48:20+00:00,0.68,0.0,0.752,CBS,0.248,"Casting News! Peter Mark Kendall, Michael Gaston, Greg Wise, Rade Šerbedžija, Zack Pearlman, and Keye Chen join the… https://t.co/GFob2KrD8H",79
179,2018-02-14 19:23:27+00:00,0.8619,0.0,0.534,CBS,0.466,RT @BullCBS: The verdict is in...#Bull is the perfect Valentine! ?? Happy #ValentinesDay! https://t.co/poEejI4AnC,80
180,2018-02-13 20:03:56+00:00,0.0,0.0,1.0,CBS,0.0,"RT @NoActivityCBS: Car 27 reporting: Season 2 of #NoActivity coming soon!

Binge season one now on CBS All Access: https://t.co/yvxoQMeyhN…",81
181,2018-02-13 18:54:52+00:00,0.7506,0.0,0.748,CBS,0.252,"RT @LivinBiblically: Against all odds (and the advice of his God Squad), Chip is determined to live life by the Good Book. Think you could…",82
182,2018-02-12 18:49:45+00:00,0.0,0.0,1.0,CBS,0.0,RT @thegoodfight: Christine Baranski reflects upon the spectacular metamorphosis of her character in #TheGoodFight's first season. Revisit…,83
183,2018-02-12 01:32:33+00:00,0.0,0.0,1.0,CBS,0.0,RT @startrekcbs: Binge the entire first season of #StarTrekDiscovery. All 15 episodes now streaming on CBS All Access: https://t.co/lKLaptP…,84
184,2018-02-09 00:50:01+00:00,0.8478,0.0,0.696,CBS,0.304,RT @SuperiorDonuts: Looking for a #Valentine? Tush is here to help you land your dream date just in time for the day of love! #SuperiorDonu…,85
185,2018-02-08 16:09:35+00:00,-0.5859,0.186,0.814,CBS,0.0,RT @CBSBigBrother: The pressure is on as the Houseguests battle each other for victory in the first HOH competition. Stream the season prem…,86
186,2018-02-07 18:35:19+00:00,0.0516,0.0,0.934,CBS,0.066,"RT @startrekcbs: Sunday, this season's epic journey reaches its final reckoning. Catch up before the season finale: https://t.co/4Ea5wpmAep…",87
187,2018-02-07 16:17:48+00:00,0.5574,0.152,0.536,CBS,0.312,"Are you a sucker for jaw-dropping talent competitions? Announcing The World's Best, a first-of-its-kind new global… https://t.co/fagCMklm2Z",88
188,2018-02-06 22:21:39+00:00,0.0,0.0,1.0,CBS,0.0,"RT @BullCBS: Tonight, one of these 3 TAC employees will end up incarcerated. Who do you think it will be? Tune into a new episode of #Bull…",89
189,2018-02-06 17:05:49+00:00,0.0772,0.106,0.773,CBS,0.121,"RT @thegoodfight: There's no season like lawyer season. #TheGoodFight returns March 4, exclusively on CBS All Access. https://t.co/XAlrg1nB…",90
190,2018-02-04 15:35:36+00:00,0.0,0.0,1.0,CBS,0.0,"RT @thegoodfight: The acclaimed series returns in 1 month. #TheGoodFight is back Sunday, March 4. https://t.co/5BNLTYRd8p https://t.co/yInP…",91
191,2018-02-04 12:00:01+00:00,0.1531,0.0,0.882,CBS,0.118,".@KeshaRose's emotional performance with @CyndiLauper, @AndraDayMusic, @BebeRexha and @Camila_Cabello brought the a… https://t.co/qpgS2e9ir0",92
192,2018-02-03 23:11:43+00:00,0.0,0.0,1.0,CBS,0.0,Broadway legend Patti LuPone paid tribute to Sir Andrew Lloyd Webber with a show-stopping rendition of the iconic s… https://t.co/GxqLtUzhFP,93
193,2018-02-03 12:00:07+00:00,0.8268,0.0,0.662,CBS,0.338,"Relive an entire night's worth of big wins, live performances and many more inspiring moments from The 60th Annual… https://t.co/CH7mJ4Y3QT",94
194,2018-02-02 22:36:13+00:00,-0.0772,0.075,0.925,CBS,0.0,RT @swatcbs: ?@TheTalkCBS' @TheRealEve and @ShemarMoore brought some serious heat to the GRAMMYs red carpet: https://t.co/WYTITKkLQd https:…,95
195,2018-02-02 20:07:40+00:00,0.4019,0.0,0.856,CBS,0.144,"The all-star collaboration between @Rihanna, @DJKhaled and @brysontiller brought the party to the #GRAMMYs with a s… https://t.co/jTv5QbtgUp",96
196,2018-02-02 19:03:33+00:00,0.4003,0.0,0.876,CBS,0.124,RT @TheTalkCBS: All the #redcarpet looks from the 60th annual #GRAMMYs! Did you catch @TheRealEve's sparkly two-piece suit? Diamond accents…,97
197,2018-02-02 17:23:18+00:00,0.6114,0.0,0.834,CBS,0.166,Go backstage with the celebs and see which stars celebrated the big night together! Here are the moments you missed… https://t.co/rgQTXRQyLg,98
198,2018-02-01 22:04:41+00:00,0.0,0.0,1.0,CBS,0.0,? @DearEvanHansen star Ben Platt gave a soaring performance of a classic Broadway hit. Watch him perform 'Somewhere… https://t.co/HcuizFWo02,99
199,2018-02-01 20:09:49+00:00,0.0,0.0,1.0,CBS,0.0,"? @LittleBigTown, @U2, @BrunoMars and @Pink are just a few of the superstar performers that lit up the stage at The… https://t.co/2v0MNYMItG",100
200,2018-03-23 23:10:59+00:00,0.5423,0.0,0.816,CNN,0.184,"Taylor Swift voiced her support for Saturday's ""March for Our Lives"" in an Instagram post and said that she made a… https://t.co/rUq4HPJvrg",1
201,2018-03-23 23:02:13+00:00,-0.0516,0.106,0.796,CNN,0.097,"Many of the Democrats who've been urging stricter gun control legislation will join throngs of students for the ""Ma… https://t.co/mxQjFKdFSy",2
202,2018-03-23 22:51:03+00:00,0.296,0.0,0.896,CNN,0.104,"China may target American cherries, pistachios, sparkling wine and more than 120 other US goods with tariffs to ret… https://t.co/vg46Qs8uzw",3
203,2018-03-23 22:41:07+00:00,0.4019,0.0,0.829,CNN,0.171,“Change is happening. I can see it on the horizon.” Alex Wind and fellow Parkland survivors share exclusive video d… https://t.co/hQwUCCj8YG,4
204,2018-03-23 22:31:06+00:00,-0.6486,0.223,0.777,CNN,0.0,"An Iowa family vacationing in Mexico was found dead inside their condominium, according to police… https://t.co/kE8QRiquuX",5
205,2018-03-23 22:26:06+00:00,-0.4215,0.123,0.877,CNN,0.0,NFL star Michael Bennett was indicted in Houston on a charge of injury to the elderly in connection with an inciden… https://t.co/4MIuPMiP6H,6
206,2018-03-23 22:21:03+00:00,0.7717,0.0,0.705,CNN,0.295,First lady Melania Trump made public remarks at the State Department's International Women of Courage award ceremon… https://t.co/RzjFpXXh33,7
207,2018-03-23 22:21:01+00:00,-0.0772,0.121,0.769,CNN,0.109,A Tennessee man who was wrongfully imprisoned for 31 years and initially given $75 to start over has been awarded $… https://t.co/gnUXYLvD98,8
208,2018-03-23 22:11:33+00:00,0.4019,0.0,0.85,CNN,0.15,RT @AC360: “Change is happening. I can see it on the horizon.” Alex Wind and fellow Parkland survivors share exclusive video diaries with C…,9
209,2018-03-23 22:11:04+00:00,-0.34,0.118,0.882,CNN,0.0,"""Contrary to the NRA's current narrative, the path to sensible gun reform isn't a slippery slope, it's simply uncha… https://t.co/ueTcSlJS7s",10
210,2018-03-23 22:01:06+00:00,0.0,0.0,1.0,CNN,0.0,Former President Jimmy Carter has been briefed by the White House on the situation in North Korea… https://t.co/hbuozgfGDB,11
211,2018-03-23 21:52:56+00:00,0.0,0.0,1.0,CNN,0.0,The real reasons Congress can't act on guns or immigration https://t.co/Zvna0DntVv https://t.co/LubyPW3xvN,12
212,2018-03-23 21:35:49+00:00,0.0,0.0,1.0,CNN,0.0,"“To us, this is not a partisan issue. It’s an issue of life or death,” says Alex Wind, a Parkland school shooting s… https://t.co/K0tPyzHKb1",13
213,2018-03-23 21:20:07+00:00,-0.9432,0.577,0.423,CNN,0.0,A man has been arrested for allegedly threatening to assault and murder a congressman from Virginia… https://t.co/2zCfq5BD0E,14
214,2018-03-23 21:01:07+00:00,-0.6597,0.227,0.773,CNN,0.0,"Why you'll see a lot of ""evil eye"" gloves at the March For Our Lives https://t.co/WtpZqb9zQE https://t.co/AyNUF33YIp",15
215,2018-03-23 20:50:08+00:00,-0.7713,0.288,0.712,CNN,0.0,"Parents of young children have reason to be watchful as the flu season ends. B strains, which can be more severe fo… https://t.co/JWXazt7zNl",16
216,2018-03-23 20:40:05+00:00,-0.0772,0.085,0.915,CNN,0.0,Drew Barrymore shows she's sorry for dissing Jake Gyllenhaal with a literal sign of affection… https://t.co/USc2fh5gfb,17
217,2018-03-23 20:30:12+00:00,-0.4404,0.139,0.861,CNN,0.0,Bank of America Merrill Lynch doctored paperwork on 16 million orders to fool institutional clients into thinking s… https://t.co/OYh6bq5U5e,18
218,2018-03-23 20:20:09+00:00,0.0,0.0,1.0,CNN,0.0,Thousands of people marched in cities across Poland in demonstrations against plans to tighten the country's alread… https://t.co/7xfT5h1KC8,19
219,2018-03-23 20:10:38+00:00,0.128,0.088,0.763,CNN,0.149,"RT @AC360: “I feel worried, I feel angry.” Parkland survivors share exclusive video diaries with CNN. Their stories tonight, 9p ET on @CNN…",20
220,2018-03-23 20:10:04+00:00,0.4215,0.0,0.877,CNN,0.123,The Chinese ambassador to the United States would not rule out his nation scaling back the purchase of US governmen… https://t.co/hWrJhLtgkZ,21
221,2018-03-23 20:07:50+00:00,-0.8519,0.341,0.659,CNN,0.0,RT @CNNMoney: Trade war fears sink stocks again: Dow closes down more than 400 points at lowest point since November. https://t.co/A9OlUXl3…,22
222,2018-03-23 20:03:33+00:00,0.4404,0.0,0.847,CNN,0.153,Apple is proposing 13 new emojis in an effort to better represent people with disabilities https://t.co/2RiAQPzhIt https://t.co/zp4lrF9v3O,23
223,2018-03-23 19:50:35+00:00,-0.802,0.275,0.725,CNN,0.0,"At least 13 people were killed and 35 others were injured Friday night in a car bombing in southern Afghanistan, a… https://t.co/8EZYFIRuUW",24
224,2018-03-23 19:42:28+00:00,0.0,0.0,1.0,CNN,0.0,"""China is not afraid of and will not recoil from a trade war,"" China's embassy in Washington said in a statement… https://t.co/lTQZIyYykI",25
225,2018-03-23 19:30:13+00:00,0.4767,0.0,0.796,CNN,0.204,Some student loan borrowers will get another chance to qualify for the Public Service Loan Forgiveness program… https://t.co/0Y6bgk27QX,26
226,2018-03-23 19:30:09+00:00,-0.5106,0.268,0.732,CNN,0.0,A timeline of DACA offers President Trump has rejected https://t.co/r3lYvNaM8H https://t.co/TKd8VSvjEr,27
227,2018-03-23 19:20:06+00:00,0.0,0.0,1.0,CNN,0.0,"A new chemical analysis of animal bones suggests that the Maya in the city of Ceibal kept big cats in captivity, an… https://t.co/R65QDFdpAP",28
228,2018-03-23 19:10:06+00:00,0.0,0.0,1.0,CNN,0.0,"Dr. Ronny Jackson, the presidential physician who has served under three presidents, has been nominated for a promo… https://t.co/TkS68sf6Mb",29
229,2018-03-23 19:00:09+00:00,-0.6597,0.239,0.761,CNN,0.0,A former cancer patient is now a doctor at the hospital that helped her survive https://t.co/K0Lmowc4PM https://t.co/EymrGr1EDT,30
230,2018-03-23 18:50:02+00:00,0.5106,0.0,0.87,CNN,0.13,"All around the US, Lyft is offering free rides to protestors who will participate in the March for Our Lives this w… https://t.co/iiZhgPHkqG",31
231,2018-03-23 18:45:11+00:00,0.128,0.0,0.923,CNN,0.077,Veteran Washington attorney Joseph diGenova’s role as part of President Donald Trump’s legal team is still in quest… https://t.co/McCu9Y9S2f,32
232,2018-03-23 18:40:05+00:00,0.5267,0.0,0.815,CNN,0.185,George Clooney praises Parkland survivors in open letter ahead of March for Our Lives https://t.co/TuF7QXqvU5 https://t.co/TnaWh1jlVB,33
233,2018-03-23 18:30:20+00:00,0.0,0.0,1.0,CNN,0.0,Elon Musk just nonchalantly erased Tesla and SpaceX from Facebook https://t.co/EKDgqGlIS9 https://t.co/VsQgPpjELv,34
234,2018-03-23 18:20:06+00:00,-0.6705,0.184,0.816,CNN,0.0,"The man shot and killed by Sacramento police was turning his life around, his brother says.

Stephon Clark was shot… https://t.co/S5ib13fTFJ",35
235,2018-03-23 18:10:06+00:00,0.0,0.0,1.0,CNN,0.0,Advertisers are turning up the heat on Facebook. At least three companies have pulled advertisements after a data s… https://t.co/9POKaJIWzq,36
236,2018-03-23 18:01:46+00:00,0.0,0.0,1.0,CNN,0.0,"President Trump says the US is close to striking a trade deal with South Korea, an achievement that would mark an e… https://t.co/bXJxefGEiQ",37
237,2018-03-23 17:51:58+00:00,-0.659,0.221,0.779,CNN,0.0,President Trump on his veto threat: “I looked very seriously at the veto. I was thinking about doing the veto. But… https://t.co/dAb7rPFtnR,38
238,2018-03-23 17:39:15+00:00,0.0,0.0,1.0,CNN,0.0,JUST IN: President Trump announces he is signing the $1.3 trillion spending bill passed by Congress this week despi… https://t.co/cF8DRvZQgT,39
239,2018-03-23 17:26:44+00:00,0.0,0.0,1.0,CNN,0.0,"President Trump is speaking from the White House.

Watch on CNN: https://t.co/UYpqI3w42L 

Follow for live updates:… https://t.co/Qv2yFkf7AZ",40
240,2018-03-23 17:15:49+00:00,0.0,0.0,1.0,CNN,0.0,"President Trump will soon give a statement from the White House to address the spending bill, which he has threaten… https://t.co/f4SMTdUbvc",41
241,2018-03-23 17:05:46+00:00,0.6249,0.0,0.823,CNN,0.177,"Jaelynn Willey, the 16-year-old girl shot by a student at Great Mills High School in Maryland earlier this week, di… https://t.co/tGFHA1vYg4",42
242,2018-03-23 17:02:49+00:00,-0.5267,0.196,0.804,CNN,0.0,"""We’ve experienced something that no kid should ever go through... no person should go through, so there’s a lot of… https://t.co/4D1WTVszNQ",43
243,2018-03-23 16:58:15+00:00,-0.2263,0.119,0.881,CNN,0.0,"""Sometimes I forget that we are the high schoolers here."" - Parkland student Cameron Kasky #ParklandDiaries… https://t.co/48msWThvbS",44
244,2018-03-23 16:55:21+00:00,-0.0258,0.113,0.693,CNN,0.195,"""Still feeling it. Still feeling the shock and still feeling the emotions running high ... just embracing it becaus… https://t.co/x7o1a2s7E2",45
245,2018-03-23 16:52:00+00:00,0.0,0.0,1.0,CNN,0.0,"""I'm supposed to be recovering... and I can't do that if these things are still going to be happening."" Marjory Sto… https://t.co/sUbZ5QOt6s",46
246,2018-03-23 16:45:52+00:00,-0.6705,0.224,0.776,CNN,0.0,"""I feel worried, I feel angry. I just know I have to go back and continue to learn even when our politicians won't""… https://t.co/kwk6TSHcb3",47
247,2018-03-23 16:41:39+00:00,-0.765,0.258,0.742,CNN,0.0,"""I'm in a lot of pain, and I've never been faced with this kind of pain before."" - Parkland school shooting survivo… https://t.co/jvQYUjrTKA",48
248,2018-03-23 16:18:49+00:00,0.0,0.0,1.0,CNN,0.0,"""I'm supposed to be recovering ... and I can't do that if these things are still going to be happening.""

Using cel… https://t.co/fdUiHYJ3KG",49
249,2018-03-23 16:00:02+00:00,0.0,0.0,1.0,CNN,0.0,"Deep inside the 2,232 pages of text that make up the newly passed $1.3 trillion bill to keep the federal government… https://t.co/WEZxxNd1B5",50
250,2018-03-23 15:50:09+00:00,0.5106,0.0,0.82,CNN,0.18,This mom's tweet helped 500 students find free housing for March for Our Lives https://t.co/j49w9xdzP4 https://t.co/yjQjbRp5Cf,51
251,2018-03-23 15:42:07+00:00,0.0,0.0,1.0,CNN,0.0,A Congressional committee of bipartisan leaders just sent a letter to Facebook CEO Mark Zuckerberg requesting that… https://t.co/Z4jb8sUlzy,52
252,2018-03-23 15:32:03+00:00,0.0,0.0,1.0,CNN,0.0,"Why I'm marching on Saturday ... in a wheelchair || Karina Vargas, who was shot outside her school in Colorado, wri… https://t.co/ayvSSPSWXF",53
253,2018-03-23 15:25:05+00:00,-0.6597,0.239,0.761,CNN,0.0,A former cancer patient is now a doctor at the hospital that helped her survive https://t.co/doUI4ebDVe https://t.co/uNjFGZ3Oec,54
254,2018-03-23 15:14:05+00:00,0.296,0.0,0.901,CNN,0.099,"Are you a student taking part in Saturday’s March for Our Lives? Share your photos with CNN, along with your name,… https://t.co/9lZCUpsK2B",55
255,2018-03-23 15:00:10+00:00,0.0,0.0,1.0,CNN,0.0,"Less than two months after allegations of sexual misconduct surfaced, Steve Wynn has sold his remaining stake in th… https://t.co/L1qCa9FgkW",56
256,2018-03-23 14:50:08+00:00,0.0,0.0,1.0,CNN,0.0,"Kellyanne Conway signals she'd be open to taking the White House communications director job: ""I'm here to support… https://t.co/UFh2Gl8ToI",57
257,2018-03-23 14:40:07+00:00,0.0,0.0,1.0,CNN,0.0,"The Republican National Committee spent over $424,000 at Trump properties in the first two months of 2018, accordin… https://t.co/Mk4nQ7iPFj",58
258,2018-03-23 14:34:58+00:00,-0.8658,0.352,0.648,CNN,0.0,"Police storm supermarket in southern France where hostage situation left at least 2 dead, reportedly killing the at… https://t.co/YCnfGbVjWH",59
259,2018-03-23 14:29:25+00:00,0.4404,0.0,0.818,CNN,0.182,What Trump doesn't get about Obamacare and health insurers' profits | via @Luhby https://t.co/A7Sbr8mwLN https://t.co/c6thfWyGzt,60
260,2018-03-23 14:11:46+00:00,0.0,0.0,1.0,CNN,0.0,French police have stormed a supermarket in southern France after a hostage situation left at least two people dead… https://t.co/KnRxBckuXV,61
261,2018-03-23 14:10:08+00:00,0.5106,0.0,0.87,CNN,0.13,"All around the US, Lyft is offering free rides to protestors who will participate in the March for Our Lives this w… https://t.co/nkzWhzn9GT",62
262,2018-03-23 14:00:08+00:00,-0.3895,0.243,0.572,CNN,0.185,"""He didn't just aggressively push for war with Iraq, he was confident that Saddam Hussein possessed weapons of mass… https://t.co/plIloePX1D",63
263,2018-03-23 13:50:19+00:00,0.1027,0.089,0.804,CNN,0.107,National security adviser H.R. McMaster has resigned and will be replaced by former US ambassador and Fox News anal… https://t.co/xstExILyV1,64
264,2018-03-23 13:40:06+00:00,0.0,0.0,1.0,CNN,0.0,"Counselor to the President Kellyanne Conway's message to staff working in the White House: ""Get with the program or… https://t.co/5jIH8ER7Fw",65
265,2018-03-23 13:33:43+00:00,-0.34,0.118,0.882,CNN,0.0,France hostage situation: Gunman took hostages in supermarket after firing shots at police officers who were out jo… https://t.co/TXvSGuZkZe,66
266,2018-03-23 13:30:09+00:00,0.5106,0.0,0.845,CNN,0.155,"Students who survived last month's deadly school shooting in South Florida have arrived in Washington, DC, ahead of… https://t.co/jFZQ28r2un",67
267,2018-03-23 13:19:41+00:00,-0.3818,0.133,0.867,CNN,0.0,"President Trump threatens to veto the omnibus spending bill passed by Congress just after midnight, citing concerns… https://t.co/b9xgWE57kZ",68
268,2018-03-23 13:06:44+00:00,0.3818,0.0,0.88,CNN,0.12,Parkland student Julia Cordover on the requiring of clear backpacks and IDs at Marjory Stoneman Douglas: “I do not… https://t.co/SQ8KoN7L52,69
269,2018-03-23 13:02:44+00:00,-0.1531,0.178,0.673,CNN,0.149,"France supermarket hostage situation: Attacker was ""known to intelligence agencies,"" CNN affiliate BFM TV reports… https://t.co/SHwHuGMMvH",70
270,2018-03-23 12:54:02+00:00,0.1531,0.121,0.728,CNN,0.15,"Parkland student Sam Zeif: “We’re fighting for our inalienable rights. My classmates, friends, teachers had inalien… https://t.co/OqRTiZj7dV",71
271,2018-03-23 12:50:53+00:00,0.0772,0.0,0.933,CNN,0.067,"A number of employees ""are in lockdown"" in a garage behind the supermarket as this police situation unfolds in Sout… https://t.co/MokkxEpd6E",72
272,2018-03-23 12:48:51+00:00,0.4404,0.0,0.868,CNN,0.132,Marjory Stoneman Douglas High School senior class president Julia Cordover on March for Our Lives: “We hope that th… https://t.co/29KnOC69Lk,73
273,2018-03-23 12:24:19+00:00,-0.2411,0.098,0.902,CNN,0.0,This White House just keeps not telling the truth over and over and over again | Analysis by @CillizzaCNN… https://t.co/aiyl1mZ85Y,74
274,2018-03-23 12:16:59+00:00,-0.8442,0.324,0.676,CNN,0.0,"RT @CNNPolitics: Kellyanne Conway on Trump's proposal to impose the death penalty on some drug dealers: ""What the President is saying, and…",75
275,2018-03-23 12:14:29+00:00,-0.7845,0.289,0.711,CNN,0.0,"White House counselor Kellyanne Conway on Trump’s proposal of the death penalty for some drug dealers: “Well, good”… https://t.co/EdrBQ0eLGb",76
276,2018-03-23 11:56:11+00:00,-0.6705,0.22,0.78,CNN,0.0,"France supermarket hostage situation:
- One person killed and others taken hostage at supermarket in Trebes, accord… https://t.co/MQ6AzhNvtz",77
277,2018-03-23 11:51:12+00:00,0.0,0.0,1.0,CNN,0.0,"Why I'm marching on Saturday ... in a wheelchair || Karina Vargas, who was shot outside her school in Colorado, wri… https://t.co/3kZ1kjIk6U",78
278,2018-03-23 11:37:55+00:00,0.0,0.0,1.0,CNN,0.0,The AT&amp;T and Time Warner trial could change the media industry https://t.co/jOQSmCyqFy https://t.co/9gdG7E0wp9,79
279,2018-03-23 11:25:42+00:00,0.34,0.0,0.876,CNN,0.124,"BREAKING: Police in the southern French town of Trèbes are responding to a security situation, the Interior Ministr… https://t.co/lEKQzqotOW",80
280,2018-03-23 11:20:04+00:00,-0.2263,0.137,0.863,CNN,0.0,"5 things for Friday:

- White House
- Tariffs
- Sacramento protests
- Government funding
- School shootings… https://t.co/FJsKFICOI1",81
281,2018-03-23 11:09:55+00:00,0.0,0.0,1.0,CNN,0.0,Prince Harry and Meghan Markle visited Belfast on Friday for their first official visit to Northern Ireland togethe… https://t.co/rOwcXn7eEb,82
282,2018-03-23 10:55:04+00:00,0.4404,0.0,0.818,CNN,0.182,What Trump doesn't get about Obamacare and health insurers' profits | via @Luhby https://t.co/B1XVrT2NbI https://t.co/dvKH8vo30c,83
283,2018-03-23 10:48:40+00:00,0.0,0.0,1.0,CNN,0.0,"Ex-Playboy model Karen McDougal on her alleged affair with Trump:

• Claims they were together ""many dozens of time… https://t.co/LtlE5OxYH6",84
284,2018-03-23 10:35:33+00:00,0.5106,0.0,0.82,CNN,0.18,This mom's tweet helped 500 students find free housing for March for Our Lives https://t.co/vJDTGBX6TX https://t.co/5iSvkxJJCX,85
285,2018-03-23 10:19:43+00:00,-0.6908,0.305,0.695,CNN,0.0,Three firefighters died Thursday while battling two different blazes in Pennsylvania and New York.… https://t.co/mIUb9fSvEe,86
286,2018-03-23 10:12:33+00:00,0.0,0.0,1.0,CNN,0.0,An animatronic T .rex went up in flames at this dinosaur park in Colorado. The park says the blaze was caused by el… https://t.co/Dif1eZnXqt,87
287,2018-03-23 09:53:21+00:00,0.0,0.0,1.0,CNN,0.0,Interview on alleged affair tests Trump's vow of silence | Analysis by @StCollinson https://t.co/IhBb8p18zQ https://t.co/jo7tNI6Aal,88
288,2018-03-23 09:40:02+00:00,0.34,0.0,0.876,CNN,0.124,President Trump's appointment of John Bolton as national security adviser could mark a belligerent turn for the adm… https://t.co/2YgkMYUaSj,89
289,2018-03-23 09:36:25+00:00,-0.296,0.115,0.885,CNN,0.0,"The Dalai Lama, the globe-trotting Tibetan spiritual leader, will do no more traveling this year, a spokesman said,… https://t.co/ag3bcVcQWs",90
290,2018-03-23 09:16:39+00:00,-0.5106,0.193,0.807,CNN,0.0,The Austin bomber showed no remorse in a 25-minute confession video that he recorded hours before he blew himself u… https://t.co/4zl8Oyndq1,91
291,2018-03-23 09:07:47+00:00,0.4588,0.0,0.833,CNN,0.167,"A huge, swirling pile of trash in the Pacific Ocean is growing faster than expected and is now three times the size… https://t.co/7s7GHT1eHM",92
292,2018-03-23 09:03:10+00:00,-0.5423,0.179,0.821,CNN,0.0,Why Donald Trump's China tariffs are likely to be a bad thing for him | Analysis by @CillizzaCNN… https://t.co/IHSn4PZNuG,93
293,2018-03-23 08:46:47+00:00,0.0516,0.111,0.769,CNN,0.12,Russian rap pioneers are losing faith with a new generation of rappers they say are absorbed by flashy lifestyles s… https://t.co/aaDAcY7fh6,94
294,2018-03-23 08:27:43+00:00,0.0,0.0,1.0,CNN,0.0,Only 117 years 'til this asteroid (possibly) hits us | By Don Lincoln via @CNNOpinion https://t.co/jBssaHcvXK https://t.co/luAXwQvGJP,95
295,2018-03-23 08:12:19+00:00,-0.4767,0.147,0.853,CNN,0.0,"It's ""highly likely"" Moscow is behind nerve agent attack in Salisbury, according to EU leaders. 

After meeting wit… https://t.co/68UlXENieI",96
296,2018-03-23 07:58:17+00:00,0.0,0.0,1.0,CNN,0.0,"Poland has some of the most restrictive laws in Europe when it comes to abortion. An estimated 80,000 Polish women… https://t.co/pAqDeqdMyP",97
297,2018-03-23 07:46:14+00:00,0.0,0.0,1.0,CNN,0.0,"Ex-Playboy model Karen McDougal spoke to CNN about her alleged affair with Trump

• Claims they were together ""many… https://t.co/VFf1ILVxwJ",98
298,2018-03-23 07:36:20+00:00,0.0,0.0,1.0,CNN,0.0,"An unauthorized vehicle drove onto a US Air Force base in northern California, crashed and erupted into flames, kil… https://t.co/v1yedH0LFA",99
299,2018-03-23 07:32:10+00:00,0.0258,0.067,0.861,CNN,0.072,Former Playboy model Karen McDougal tells CNN in an exclusive interview that President Trump tried to pay her after… https://t.co/9dvxKuDkmZ,100
300,2018-03-23 23:14:56+00:00,0.0,0.0,1.0,Fox News,0.0,Andrew McCabe speaks out in scathing new editorial; Catherine Herridge reports. https://t.co/RI3YH2ul9s,1
301,2018-03-23 23:13:07+00:00,0.0,0.0,1.0,Fox News,0.0,.@POTUS arrives in Florida. https://t.co/Y51qSggSpa,2
302,2018-03-23 23:07:14+00:00,0.0,0.0,1.0,Fox News,0.0,Washington National Cathedral holds an interfaith prayer vigil ahead of Saturday's #MarchForOurLives rally.… https://t.co/BQYUP22BqK,3
303,2018-03-23 23:01:04+00:00,-0.4019,0.124,0.876,Fox News,0.0,".@LeslieMarshall on China tariffs: ""We have had this trade deficit, we've had job loss...@POTUS said he was going t… https://t.co/eSxSFYvQFT",4
304,2018-03-23 22:57:21+00:00,-0.5267,0.167,0.833,Fox News,0.0,"Charles Hurt on China tariffs: ""In the 18 years since @BillClinton normalized trade relations with China, president… https://t.co/ZO8uoBk4Mt",5
305,2018-03-23 22:50:58+00:00,-0.5267,0.159,0.841,Fox News,0.0,"Charles Hurt on spending bill: ""Come November, if we're looking at a complete wipe out of Republican seats, I think… https://t.co/1wP1rpskoh",6
306,2018-03-23 22:47:14+00:00,0.34,0.0,0.769,Fox News,0.231,Mister Rogers depicted on new honorary postage stamp https://t.co/y0A26BxuhJ,7
307,2018-03-23 22:37:24+00:00,0.0,0.0,1.0,Fox News,0.0,".@KyleKashuv on @TIME cover: ""I don't know why I wasn't chosen - maybe because I don't fall into the category of gu… https://t.co/BGRmHDL1uL",8
308,2018-03-23 22:28:51+00:00,0.0,0.0,1.0,Fox News,0.0,Peru names ambassador to Canada its new president after leader exits under corruption cloud https://t.co/9XwXalv96E,9
309,2018-03-23 22:24:39+00:00,0.5574,0.071,0.647,Fox News,0.282,.@GovMikeHuckabee: 'Street Fighters' DiGenova &amp; Toensing Are Strong Addition to Trump's Legal Team https://t.co/wuNklG8ZLf,10
310,2018-03-23 22:21:12+00:00,-0.8225,0.336,0.664,Fox News,0.0,"Python wraps around snake charmer's neck, nearly strangles him to death as crowd watches in horror https://t.co/DYHp4anQwd",11
311,2018-03-23 22:12:41+00:00,0.4168,0.0,0.844,Fox News,0.156,".@POTUS signs $1.3 trillion spending bill, despite earlier threat to veto. @johnrobertsFox has the story.… https://t.co/GSjTRaXJVY",12
312,2018-03-23 22:09:01+00:00,-0.4767,0.205,0.795,Fox News,0.0,Wall Street suffers following announcements about tariffs on imports from China. #SpecialReport… https://t.co/8BYfYje1tP,13
313,2018-03-23 22:05:26+00:00,0.0,0.0,1.0,Fox News,0.0,".@LisaMarieBoothe brought her dog, Bella, onto #TheFive today in celebration of #NationalPuppyDay https://t.co/DreD7EDsCW",14
314,2018-03-23 22:01:31+00:00,-0.1027,0.08,0.92,Fox News,0.0,.@JesseBWatters Slams Spending Bill: 'Mexico's Not Going to Pay for the Wall &amp; Neither Are We' https://t.co/i5VUJaz8Jv,15
315,2018-03-23 21:48:38+00:00,-0.4404,0.172,0.828,Fox News,0.0,"#Trump administration bans bump stocks, 'all devices' that turn 'legal' weapons into machine guns https://t.co/YJ3yUSMzaf",16
316,2018-03-23 21:34:24+00:00,0.0,0.0,1.0,Fox News,0.0,Pakistani program offers rehab for radicals https://t.co/ERVdcGKDv7,17
317,2018-03-23 21:34:21+00:00,0.3182,0.0,0.777,Fox News,0.223,More veterans seek Trump's pardon for combat-zone convictions https://t.co/hCuRwRMOAW,18
318,2018-03-23 21:21:23+00:00,-0.4588,0.225,0.678,Fox News,0.097,".@JesseBWatters on lack of border wall funding: ""This was a huge defeat for [@POTUS] on a signature issue. It's rea… https://t.co/qOfDElz0yF",19
319,2018-03-23 21:19:40+00:00,0.0,0.0,1.0,Fox News,0.0,"Moments ago, President @realDonaldTrump tweeted that the @TheJusticeDept ""will issue the rule banning bump stocks."" https://t.co/cbjaMtKccH",20
320,2018-03-23 21:12:24+00:00,0.0,0.0,1.0,Fox News,0.0,RT @FoxBusiness: NFL’s Patriots fly Parkland students on team plane to DC for #MarchForOurLives https://t.co/NsE4BbYnfA,21
321,2018-03-23 21:11:55+00:00,0.0,0.0,1.0,Fox News,0.0,".@GeraldoRivera: ""Words are cheap...and this spending bill is expensive."" #TheFive  https://t.co/RuwOuaUBTw https://t.co/BpgqHut4Rv",22
322,2018-03-23 21:06:31+00:00,0.539,0.0,0.845,Fox News,0.155,".@RepKevinBrady: ""We should be looking every day at how we make our tax code more family friendly, more pro-growth,… https://t.co/6MVT7Q376u",23
323,2018-03-23 20:57:35+00:00,0.5994,0.0,0.786,Fox News,0.214,"Rafael Espinal: ""We have to make sure that our employees are not overworked, that they have the opportunities that… https://t.co/Gb68eVZUzT",24
324,2018-03-23 20:53:15+00:00,-0.4767,0.147,0.853,Fox News,0.0,".@RepKevinBrady: ""I think [@POTUS'] frustration is the same as ours which is, I think, this whole budget spending p… https://t.co/PyYhFJcyZm",25
325,2018-03-23 20:49:43+00:00,0.0,0.0,1.0,Fox News,0.0,Palm trees in Canada? It could happen in 'decades' https://t.co/UfId0NZ7sE,26
326,2018-03-23 20:44:09+00:00,-0.9062,0.447,0.553,Fox News,0.0,"NYC firefighter killed in on-set blaze, 'Deadpool 2' stunt driver's death and other tragedies while filming https://t.co/Flrbzs03rb",27
327,2018-03-23 20:29:00+00:00,0.7003,0.0,0.655,Fox News,0.345,Marine Corps adopts new puppy mascot: 'He's a great puppy and new recruit' https://t.co/S7j3gxWT2S,28
328,2018-03-23 20:23:00+00:00,0.4019,0.0,0.787,Fox News,0.213,How hackers could turn a 'smart city' into a house of cards https://t.co/YRLCwZnr98,29
329,2018-03-23 20:16:03+00:00,0.0,0.0,1.0,Fox News,0.0,RT @FoxBusiness: #BreakingNews: The Dow Jones Industrial Average tumbles 425 points as China trade jitters persist. https://t.co/9fobUXyNbv…,30
330,2018-03-23 20:02:34+00:00,-0.4215,0.203,0.797,Fox News,0.0,OPINION: ObamaCare's 8th birthday is an unhappy one for all Americans https://t.co/b4RCd0n2IT,31
331,2018-03-23 19:53:02+00:00,0.0,0.0,1.0,Fox News,0.0,"Elon Musk yanks @SpaceX
and @Tesla's Facebook pages https://t.co/MhgfKpRz8l",32
332,2018-03-23 19:41:13+00:00,0.6486,0.0,0.71,Fox News,0.29,Pennsylvania school wants to arm students with rocks to protect them against active shooters https://t.co/BjuptCNttE,33
333,2018-03-23 19:27:50+00:00,0.0,0.0,1.0,Fox News,0.0,Austin bombing probe prompts calls to permanently hire police chief https://t.co/odaiOcRdZv,34
334,2018-03-23 19:12:54+00:00,-0.3182,0.173,0.827,Fox News,0.0,.@POTUS: Democrats 'Fought Every Single Inch of the Way' on DACA https://t.co/Lt8KTsUaID,35
335,2018-03-23 19:02:35+00:00,0.0,0.0,1.0,Fox News,0.0,Roseanne Barr advises Jimmy Kimmel to 'zip that f---ing lip' about #Trump https://t.co/udQU6FEBog,36
336,2018-03-23 18:58:06+00:00,0.0,0.0,1.0,Fox News,0.0,"Chris Swecker: ""The Clinton email investigation really was not a credible investigation."" @dailybriefing… https://t.co/4F8giu7Sp4",37
337,2018-03-23 18:49:53+00:00,0.0,0.0,1.0,Fox News,0.0,".@ChrisStirewalt on spending bill negotiation: ""You know who never gets a vote? My kids and their kids and the kids… https://t.co/gmqpqWFMb6",38
338,2018-03-23 18:42:29+00:00,-0.7579,0.351,0.649,Fox News,0.0,American family of four who went missing in Mexico found dead in condo https://t.co/LyEg0HPDZh,39
339,2018-03-23 18:41:14+00:00,0.0,0.0,1.0,Fox News,0.0,"RT @EricShawnTV: 3 weeks ago, #TaylorForce's family &amp; #WestPoint classmates went door to door on Capitol Hill, asking #Senators to back #Ta…",40
340,2018-03-23 18:33:00+00:00,0.0,0.0,1.0,Fox News,0.0,".@RepChrisStewart: ""Why in the world are we going to push DACA down the road, down the road, down the road and not… https://t.co/qgqSSIwUPG",41
341,2018-03-23 18:24:00+00:00,0.0,0.0,1.0,Fox News,0.0,.@ksorbs claims he was nixed from #ThunderCon over conservative political views https://t.co/ZK7VrazWhd https://t.co/bnwmoDFELm,42
342,2018-03-23 18:23:09+00:00,-0.3182,0.15,0.85,Fox News,0.0,"RT @FoxBusiness: .@elonmusk joins #deletefacebook boycott, removes SpaceX and Tesla pages from site https://t.co/Y6tmgu65hC",43
343,2018-03-23 18:18:00+00:00,0.8883,0.0,0.597,Fox News,0.403,".@POTUS: ""We'll have by far the most powerful nuclear force on earth... Hopefully - praise be to God - we don't eve… https://t.co/nnRcvwf7Yp",44
344,2018-03-23 18:14:00+00:00,-0.4588,0.158,0.842,Fox News,0.0,".@SecNielsen: ""It's unfortunate that Congress chose not to listen to the men and women of @DHSgov."" https://t.co/yoIaLrYFbY",45
345,2018-03-23 18:02:40+00:00,0.0,0.0,1.0,Fox News,0.0,"Moments ago at a press availability at The @WhiteHouse, President @realDonaldTrump directly addressed DACA recipien… https://t.co/5UQBkQAn7p",46
346,2018-03-23 17:58:10+00:00,0.0,0.0,1.0,Fox News,0.0,".@POTUS: ""The stock market's way up. When I came into office the stock market was from a different planet."" https://t.co/BWrIfpN4Cc",47
347,2018-03-23 17:58:00+00:00,0.2263,0.0,0.909,Fox News,0.091,"Secretary Mattis: ""In 1790, in George Washington's first annual address to Congress he stated: To be prepared for w… https://t.co/eyVVlqovgJ",48
348,2018-03-23 17:48:39+00:00,0.3612,0.0,0.837,Fox News,0.163,".@POTUS: ""As a matter of national security I've signed this omnibus budget bill. There are a lot of things that I'm… https://t.co/kxpOgyYw45",49
349,2018-03-23 17:46:16+00:00,0.0772,0.0,0.942,Fox News,0.058,".@POTUS: ""I do want the Hispanic community to know and DACA recipients to know that Republicans are much more on yo… https://t.co/933vC0MeNG",50
350,2018-03-23 17:45:13+00:00,0.0772,0.0,0.942,Fox News,0.058,".@POTUS ""I say this to the DACA recipients that the Republicans are with you, they want to get your situation taken… https://t.co/D8TwKaCPmm",51
351,2018-03-23 17:44:38+00:00,0.3291,0.0,0.907,Fox News,0.093,".@POTUS: ""Not happy with $1.6 billion but it does start the wall and we will make that $1.6 billion go very, very f… https://t.co/m5PNchkVr8",52
352,2018-03-23 17:43:04+00:00,0.296,0.0,0.901,Fox News,0.099,".@POTUS: ""We're also spending $6 billion on, as you know, various forms of drug control, helping people that are ad… https://t.co/K5sQfR9QHs",53
353,2018-03-23 17:41:26+00:00,0.0,0.0,1.0,Fox News,0.0,".@POTUS: ""We're spending a lot of money on nuclear, on nuclear systems, to upgrade and in some cases brand-new... W… https://t.co/XdrX5iEFD1",54
354,2018-03-23 17:40:02+00:00,0.0,0.0,1.0,Fox News,0.0,".@POTUS: ""I'm calling on Congress to give me a line item veto for all government spending bills."" https://t.co/y2W8xc4eMv",55
355,2018-03-23 17:36:56+00:00,-0.4588,0.158,0.842,Fox News,0.0,".@SecNielsen: ""It's unfortunate that Congress chose not to listen to the men and women of @DHSgov."" https://t.co/ihXxBc3FRL",56
356,2018-03-23 17:34:01+00:00,-0.5256,0.184,0.816,Fox News,0.0,".@POTUS: ""DACA recipients have been treated extremely badly by @TheDemocrats. We wanted to include DACA."" https://t.co/oHgF3js3cm",57
357,2018-03-23 17:33:21+00:00,0.0,0.0,1.0,Fox News,0.0,".@POTUS: ""We have to get rid of the filibuster rule and go to 51 votes in the Senate."" https://t.co/hBoCFH93hz",58
358,2018-03-23 17:32:29+00:00,0.3612,0.0,0.898,Fox News,0.102,".@POTUS: ""I say to Congress I will never sign another bill like this again. I'm not going to do it again. Nobody re… https://t.co/lr2PzAEvVi",59
359,2018-03-23 17:31:41+00:00,0.3612,0.0,0.837,Fox News,0.163,".@POTUS: ""As a matter of national security I've signed this omnibus budget bill. There are a lot of things that I'm… https://t.co/COdwQdMAuU",60
360,2018-03-23 17:30:37+00:00,0.539,0.113,0.539,Fox News,0.348,".@POTUS: ""We have very importantly a pay increase for our troops."" https://t.co/5AmS1tfP8u",61
361,2018-03-23 17:29:59+00:00,0.0,0.0,1.0,Fox News,0.0,".@POTUS: ""As much opposition to the military as we've had from @TheDemocrats - and it has been tremendous - I try t… https://t.co/GkUaxVLoZE",62
362,2018-03-23 17:29:14+00:00,0.0,0.0,1.0,Fox News,0.0,.@POTUS holds a news conference on spending bill https://t.co/TRyBXkROW0,63
363,2018-03-23 17:29:02+00:00,0.0,0.0,1.0,Fox News,0.0,".@POTUS: ""My highest duty is to keep America safe."" https://t.co/QDMFzf6PKF",64
364,2018-03-23 17:28:39+00:00,-0.4939,0.273,0.64,Fox News,0.087,".@POTUS: ""For the last 8 years, deep defense cuts have undermined our national security."" https://t.co/qKx4TmRHLp",65
365,2018-03-23 17:27:54+00:00,0.6369,0.0,0.743,Fox News,0.257,".@SecretaryRoss: ""We believe we are relatively close to a pretty comprehensive resolution with the South Korean gov… https://t.co/F4PfNDPbZ2",66
366,2018-03-23 17:27:11+00:00,-0.4357,0.145,0.855,Fox News,0.0,".@POTUS: ""We're going to get on to this ridiculous situation that took place over the last week."" https://t.co/FC6MQDBgu6",67
367,2018-03-23 17:23:52+00:00,0.0,0.0,1.0,Fox News,0.0,COMING UP: @POTUS to speak amid reports he will sign spending bill Senate passed early this morning - For full live… https://t.co/RjXvk17n3y,68
368,2018-03-23 17:23:23+00:00,0.3182,0.0,0.839,Fox News,0.161,".@RepChrisStewart: ""Who in the world would object to securing our borders?"" #OutnumberedOT https://t.co/3Nr84M6o0E",69
369,2018-03-23 17:22:53+00:00,0.0,0.0,1.0,Fox News,0.0,".@RepChrisStewart: ""Why in the world are we going to push DACA down the road, down the road, down the road and not… https://t.co/PftNfAva7K",70
370,2018-03-23 17:20:32+00:00,-0.5423,0.333,0.667,Fox News,0.0,'Shawshank' convict in trouble over risky business with girlfriend: report https://t.co/UpganUNxND,71
371,2018-03-23 17:13:42+00:00,-0.6597,0.375,0.625,Fox News,0.0,Shocking video surfaces of Valerie Thompson's 343 mph motorcycle crash https://t.co/qnyUSpkiwp,72
372,2018-03-23 17:08:31+00:00,0.0258,0.067,0.861,Fox News,0.072,".@JenGriffinFNC: ""Inside the defense spending part of this omnibus bill is a 3% pay raise for the troops. That's th… https://t.co/X5ASNsmv4O",73
373,2018-03-23 17:04:41+00:00,0.0,0.0,1.0,Fox News,0.0,".@PeteHegseth: ""The stale status quo in Washington has not worked."" https://t.co/rxdgaqISY2",74
374,2018-03-23 16:51:06+00:00,0.0,0.0,1.0,Fox News,0.0,Kevin Sorbo claims he was nixed from ThunderCon over conservative political views https://t.co/WnWRjKtRl4,75
375,2018-03-23 16:48:50+00:00,0.0,0.0,1.0,Fox News,0.0,BREAKING NEWS: @HARRISFAULKNER: @POTUS will brief at the @WhiteHouse at 1p ET. https://t.co/udSwHrJg4m,76
376,2018-03-23 16:43:03+00:00,0.5859,0.0,0.833,Fox News,0.167,".@dagenmcdowell: ""@JoeBiden had to watch Trump run and win, and so he had worked up all of these lines.""… https://t.co/kFaO9UnwNd",77
377,2018-03-23 16:36:18+00:00,0.0,0.0,1.0,Fox News,0.0,"COMING UP at 1p ET - the @WhiteHouse Press Briefing - For full live coverage, tune in to Fox News Channel! https://t.co/PYQMR1PIeb",78
378,2018-03-23 16:32:55+00:00,0.3612,0.13,0.592,Fox News,0.278,".@SenWarren is no fan of President @realDonaldTrump's next national security adviser, @AmbJohnBolton.… https://t.co/ewXvh3kh84",79
379,2018-03-23 16:27:00+00:00,0.1531,0.139,0.652,Fox News,0.209,".@PeteHegseth: ""If you want peace, your enemies have to believe that you're willing to wage war."" #Outnumbered https://t.co/9loLASw0u5",80
380,2018-03-23 16:21:01+00:00,0.0,0.0,1.0,Fox News,0.0,".@JessicaTarlov: ""Ambassador Bolton... still doesn't think that [the Iraq war] was a mistake."" #Outnumbered https://t.co/yYAr3rvQ9i",81
381,2018-03-23 16:09:50+00:00,0.3612,0.0,0.815,Fox News,0.185,".@timkaine: ""It's like Art of the Deal-wrecker - that's my reaction."" https://t.co/Q2UXfbOYfL https://t.co/Pln3jgbeib",82
382,2018-03-23 16:04:30+00:00,0.6369,0.0,0.792,Fox News,0.208,".@PeteHegseth: ""This is in many ways a swamp budget. It's a Mitch McConnell doozy. Democrats love it."" #Outnumbered https://t.co/QnPQvve7oq",83
383,2018-03-23 15:57:33+00:00,0.0,0.0,1.0,Fox News,0.0,"US sanctions Iranian 'Game of Thrones' hacker, Iranian company in massive hacking scheme https://t.co/12LoErhwDu",84
384,2018-03-23 15:49:12+00:00,0.0,0.0,1.0,Fox News,0.0,Marine's 2-year-old brother takes his place in girlfriend's prom photos https://t.co/LtLEazAW1Z,85
385,2018-03-23 15:43:49+00:00,-0.3612,0.122,0.878,Fox News,0.0,".@RepDianeBlack: ""We're now up to $21 trillion in debt and we're increasing our spending rather than decreasing it."" https://t.co/KSpbXsXyLT",86
386,2018-03-23 15:36:22+00:00,0.4767,0.0,0.829,Fox News,0.171,RT @FoxNewsInsider: New Mom @HuntsmanAbby Is Returning to 'Fox &amp; Friends Weekend' @foxandfriends @JaniceDean @ainsleyearhardt @jillianmele…,87
387,2018-03-23 15:36:06+00:00,0.4466,0.0,0.754,Fox News,0.246,NEWS ALERT: Midnight deadline to approve spending bill. https://t.co/Q2UXfbOYfL https://t.co/NK6gQKKymX,88
388,2018-03-23 15:33:14+00:00,0.0,0.0,1.0,Fox News,0.0,RT @FoxNewsInsider: DNC Deputy Keith Ellison Calls for 'Maximum Wage' for Corporate Execs @IngrahamAngle https://t.co/UNB87wVZH7,89
389,2018-03-23 15:33:09+00:00,-0.1027,0.08,0.92,Fox News,0.0,RT @FoxNewsInsider: Mueller Won't Be 'Spooked': @JonathanTurley Warns About More Combative Strategy by Trump Lawyers @TheStoryFNC @marthama…,90
390,2018-03-23 15:30:47+00:00,0.0,0.0,1.0,Fox News,0.0,McDonald’s drive-thru customers have horses turned away https://t.co/E0kVDMjsau,91
391,2018-03-23 15:24:17+00:00,0.4019,0.0,0.876,Fox News,0.124,"Former Georgia Governor and U.S. Sen. Zell Miller, who famously crossed party lines when he was a Democrat to endor… https://t.co/1SVcthbkd9",92
392,2018-03-23 15:14:35+00:00,0.4019,0.0,0.876,Fox News,0.124,"Former Georgia Governor and U.S. Sen. Zell Miller, who famously crossed party lines when he was a Democrat to endor… https://t.co/j8XK5Tdid6",93
393,2018-03-23 14:59:30+00:00,0.0,0.0,1.0,Fox News,0.0,2 centuries-old ships discovered at Alexandria's waterfront https://t.co/llK5qFOuzo,94
394,2018-03-23 14:48:33+00:00,0.128,0.0,0.87,Fox News,0.13,Trump shakes up legal team ahead of possible Mueller interview https://t.co/lf4gRwJ2NM,95
395,2018-03-23 14:35:00+00:00,-0.34,0.112,0.888,Fox News,0.0,".@mzhemingway: ""Not all students are going to say that the answer to a mass shooting is restrictive gun control mea… https://t.co/rsPJTlCEWm",96
396,2018-03-23 14:34:15+00:00,0.1779,0.0,0.855,Fox News,0.145,Growing questions about CNN's airport monopoly as network veers left https://t.co/Csd5OJgToL,97
397,2018-03-23 14:18:00+00:00,0.0,0.0,1.0,Fox News,0.0,"""We were just at the right place at the right time. We went back to work and kept answering calls.""… https://t.co/aim7Vql7mF",98
398,2018-03-23 14:15:16+00:00,0.0,0.0,1.0,Fox News,0.0,".@mikepillsbury: ""I've known John Bolton since 1981. He's quite the insider."" https://t.co/XTbx2tzSwj",99
399,2018-03-23 14:11:34+00:00,-0.6705,0.36,0.64,Fox News,0.0,Report: Hostage-taker in France shot and killed. https://t.co/ZmJ3QLQmmE https://t.co/ozXRtCKbbU,100
400,2018-03-23 23:17:02+00:00,-0.7351,0.228,0.772,The New York Times,0.0,RT @daiwaka: Here's an inside look at Uber's self-driving car ops in Phoenix before Sunday's fatal crash: the company moved from two people…,1
401,2018-03-23 23:02:04+00:00,-0.6705,0.297,0.579,The New York Times,0.124,"""I Kill Giants"" is an intimate story about a troubled 12-year-old who’s on a mission to save her town https://t.co/pkNXqUF0Pa",2
402,2018-03-23 22:47:01+00:00,0.0,0.0,1.0,The New York Times,0.0,Evening Briefing: Here's what you need to know at the end of the day https://t.co/4opSmJxhMU,3
403,2018-03-23 22:32:06+00:00,-0.4767,0.158,0.769,The New York Times,0.073,The U.S. and China are waging a cold war for global dominance in the tech industry. This week's tariffs duel height… https://t.co/5f4qMQCMoL,4
404,2018-03-23 22:17:05+00:00,0.8126,0.0,0.72,The New York Times,0.28,"RT @ronlieber: Every year, I collect the best college application essays I can find about money, work, social class, wealth and/or its abse…",5
405,2018-03-23 22:02:03+00:00,-0.34,0.17,0.728,The New York Times,0.102,Internal documents show Uber’s self-driving car project wasn’t living up to expectations well before a fatal crash… https://t.co/I4O5nMqCRO,6
406,2018-03-23 21:47:09+00:00,0.25,0.101,0.756,The New York Times,0.143,The Justice Dept. has proposed banning so-called bump stocks for guns. The move comes a day before nationwide gun c… https://t.co/JiNfNeAARl,7
407,2018-03-23 21:32:04+00:00,0.0,0.0,1.0,The New York Times,0.0,"Elon Musk joined #DeleteFacebook by deleting the Facebook pages of 2 of his companies, Tesla and SpaceX https://t.co/BJYpNw6JWG",8
408,2018-03-23 21:14:00+00:00,-0.2023,0.197,0.684,The New York Times,0.12,Women have spoken. Men have fallen. Corporations are nervous. But are American workplaces making real progress in c… https://t.co/Q5FipZZsCD,9
409,2018-03-23 21:03:05+00:00,0.0,0.0,1.0,The New York Times,0.0,RT @jodikantor: I've spent the last couple of weeks bearing down on what's changing-- and what's really stuck-- about how we deal with sexu…,10
410,2018-03-23 20:50:52+00:00,0.0,0.0,1.0,The New York Times,0.0,"Sofie Whitney, a senior at Stoneman Douglas, and the other organizers of the March for Our Lives, have concrete aim… https://t.co/yoHFhn3YUx",11
411,2018-03-23 20:47:00+00:00,-0.6705,0.184,0.816,The New York Times,0.0,"Reema Samaha was 18 when she was killed in the 2007 shooting at Virginia Tech University. Her father, Joseph, says… https://t.co/BDD9YIUKYJ",12
412,2018-03-23 20:44:13+00:00,-0.6705,0.17,0.83,The New York Times,0.0,Cody Thunder was 15 in 2005 when a classmate killed 5 students at Red Lake Senior High School. He was shot in the h… https://t.co/31wbbmiwRF,13
413,2018-03-23 20:40:00+00:00,-0.6705,0.191,0.809,The New York Times,0.0,"Jolanda Arnold will be marching in Washington on Saturday, the city where her husband, Michael, was killed in a 201… https://t.co/pfKJqIel21",14
414,2018-03-23 20:36:57+00:00,0.5106,0.0,0.837,The New York Times,0.163,"Melissa Strassner survived the school shooting at Columbine High School. 

“Since Parkland, my boxing gloves are ba… https://t.co/0LJBcVeuPI",15
415,2018-03-23 20:35:04+00:00,-0.1531,0.071,0.929,The New York Times,0.0,We spoke to survivors of mass shootings and others affected by them. They say the students in Parkland have given t… https://t.co/XaLG3oJq46,16
416,2018-03-23 20:15:06+00:00,0.5584,0.0,0.752,The New York Times,0.248,"Rebuffing Trump, Congress saved the NEA and NEH again. In fact, both endowments slightly increased. https://t.co/y1XActfG6l",17
417,2018-03-23 20:00:14+00:00,0.0,0.0,1.0,The New York Times,0.0,"A century before the dawn of the computer age, 27-year-old Ada Lovelace wrote the first computer program https://t.co/GXSMzGTbjx",18
418,2018-03-23 19:45:17+00:00,-0.4767,0.129,0.871,The New York Times,0.0,"Even when children grow up next to each other with parents who earn similar incomes, black boys fare worse than whi… https://t.co/FCQrjZEJNM",19
419,2018-03-23 19:30:13+00:00,0.5859,0.0,0.84,The New York Times,0.16,Vladimir Putin was elected to a fourth term on Sunday. What percentage of the vote did he win? Take our quiz. https://t.co/czSrm4X5WN,20
420,2018-03-23 19:19:04+00:00,-0.3818,0.157,0.843,The New York Times,0.0,"In a tit-for-tat trade battle with the U.S., China’s response has so far been restrained https://t.co/mXuGUssWn3",21
421,2018-03-23 19:04:28+00:00,0.3434,0.1,0.734,The New York Times,0.165,"Many counties, including rich ones, are aging and experiencing more deaths than births, without growth through immi… https://t.co/VmkEWGa92M",22
422,2018-03-23 18:45:09+00:00,-0.7096,0.282,0.718,The New York Times,0.0,"After another week of chaos, Trump heads to Palm Beach. No one knows what comes next. https://t.co/CUGY3gwPpC",23
423,2018-03-23 18:35:00+00:00,-0.4588,0.188,0.812,The New York Times,0.0,"@nytopinion @NickKristof In @NYTOpinion, 

Op-Ed Columnist @NickKristof writes, ""To finally defeat extreme poverty,… https://t.co/pWs1bIBEjC",24
424,2018-03-23 18:30:06+00:00,-0.1027,0.069,0.931,The New York Times,0.0,We've been following your discussions on racial and religious bias in news coverage. Our journalists are open to yo… https://t.co/hUYXo9q3sa,25
425,2018-03-23 18:20:05+00:00,-0.743,0.283,0.717,The New York Times,0.0,A 16-year-old girl critically injured in a shooting at a Maryland high school died after being taken off life suppo… https://t.co/mEOh5bSuoy,26
426,2018-03-23 18:05:03+00:00,-0.743,0.296,0.704,The New York Times,0.0,"In @NYTOpinion, 

Op-Ed Columnist @NickKristof writes, ""To finally defeat extreme poverty, we have to tackle confli… https://t.co/0ayeiQDH46",27
427,2018-03-23 17:50:10+00:00,0.6369,0.0,0.781,The New York Times,0.219,"Modern Love: If I couldn’t find Mr. Right, what about Mr. Quasi-Right augmented by a few others? https://t.co/kMfq4a68mR",28
428,2018-03-23 17:35:43+00:00,-0.5267,0.167,0.833,The New York Times,0.0,"Breaking News: President Trump signed the spending bill, averting a shutdown, hours after threatening to veto it. B… https://t.co/IGRRQcvIXZ",29
429,2018-03-23 17:25:27+00:00,-0.6369,0.189,0.811,The New York Times,0.0,"The Sacramento Kings owner expressed his “deepest sympathies” to the family of Stephon Clark, who was fatally shot… https://t.co/6ILZMJITR4",30
430,2018-03-23 17:10:09+00:00,0.0,0.0,1.0,The New York Times,0.0,"Iraq: 7 minutes
Jordan: 9 minutes
Romania: 12 minutes
Norway: 46 minutes
Afghanistan: 47 minutes
Sweden: 51 minutes
https://t.co/5FZtVaJwbS",31
431,2018-03-23 16:55:08+00:00,-0.8934,0.386,0.614,The New York Times,0.0,Anger over the murders of a reporter and his fiancée forced Slovakia's prime minister and other officials to step d… https://t.co/c0sovP7t5F,32
432,2018-03-23 16:42:18+00:00,-0.34,0.112,0.888,The New York Times,0.0,"In the 6 months since Harvey, The New York Times followed several families as they struggled to rebuild their lives… https://t.co/z5tbaUGWJj",33
433,2018-03-23 16:40:07+00:00,0.0,0.0,1.0,The New York Times,0.0,A new economy has arisen in the suburbs of Houston battered by Hurricane Harvey: the buying and selling of flooded… https://t.co/WO68ktL3aX,34
434,2018-03-23 16:24:40+00:00,0.4215,0.0,0.833,The New York Times,0.167,"Around every corner and in every elevator, you’ll find established and burgeoning talent https://t.co/6hTuQzdPgD https://t.co/UqgFNEv9Pc",35
435,2018-03-23 16:23:46+00:00,0.0,0.0,1.0,The New York Times,0.0,And watched Aaron Burr practice in the room where it happens https://t.co/6hTuQzdPgD https://t.co/iGplOjFPWW,36
436,2018-03-23 16:22:14+00:00,0.0,0.0,1.0,The New York Times,0.0,We met Elsa and Anna as they took a break for homework https://t.co/6hTuQzdPgD https://t.co/G9HguVLA8G,37
437,2018-03-23 16:20:15+00:00,0.4588,0.0,0.85,The New York Times,0.15,"Welcome to the New 42nd Street Studios, where some of Broadway’s biggest shows — including “Frozen” and “Hamilton”… https://t.co/jOqoqf30CT",38
438,2018-03-23 16:10:13+00:00,-0.6705,0.176,0.824,The New York Times,0.0,"An armed man who killed 3 people in a supermarket in France, claiming to be acting on behalf of ISIS, was shot dead… https://t.co/sG7DPvbvNy",39
439,2018-03-23 15:55:06+00:00,0.0,0.0,1.0,The New York Times,0.0,Make Mark Bittman's spaghetti pie https://t.co/Fhdf0K8Pxa https://t.co/8Dbk2jAgSI,40
440,2018-03-23 15:40:06+00:00,0.34,0.0,0.876,The New York Times,0.124,"A PAC led by John Bolton, the next national security adviser, hired Cambridge Analytica for voter profiling, knowin… https://t.co/bGnWNkattz",41
441,2018-03-23 15:25:34+00:00,0.3182,0.0,0.859,The New York Times,0.141,"40% of Americans were obese in 2015 and 2016, a sharp increase from a decade earlier https://t.co/v3o9efVw4n",42
442,2018-03-23 15:11:43+00:00,-0.296,0.196,0.804,The New York Times,0.0,RT @karenyourish: All the major Trump firings and resignations: https://t.co/I6fxKB6cLA,43
443,2018-03-23 15:00:08+00:00,-0.5106,0.185,0.815,The New York Times,0.0,Over 800 protests for stricter gun laws are planned for Saturday in the U.S. and in countries around the world https://t.co/O1xXOykGfJ,44
444,2018-03-23 14:45:02+00:00,0.3832,0.088,0.701,The New York Times,0.21,John Bolton's ascension to national security adviser creates the most aggressive foreign policy team around the Ame… https://t.co/GuRHYWI7QW,45
445,2018-03-23 14:31:04+00:00,0.0,0.0,1.0,The New York Times,0.0,Blue passports were meant to be a symbol of post-Brexit Britain. They're coming — but they'll be coming from France. https://t.co/UEHSqF3Wod,46
446,2018-03-23 14:15:09+00:00,0.3612,0.0,0.737,The New York Times,0.263,10 new books we recommend this week https://t.co/95z0PxQkho,47
447,2018-03-23 13:59:03+00:00,0.0,0.0,1.0,The New York Times,0.0,"John Bolton's political committee was one of the earliest customers of Cambridge Analytica, which it hired specific… https://t.co/uuD7rKh4EI",48
448,2018-03-23 13:45:04+00:00,0.7096,0.0,0.742,The New York Times,0.258,"RT @nytimesworld: Intellectual property, which underpins technology and innovation, has become the latest point of contention in global tra…",49
449,2018-03-23 13:30:15+00:00,-0.5267,0.167,0.833,The New York Times,0.0,Breaking News: President Trump said he may veto the spending bill because it neglected his immigration priorities.… https://t.co/qWxvnylMZg,50
450,2018-03-23 13:29:04+00:00,0.0,0.0,1.0,The New York Times,0.0,"""This is just what America needs: The thrilla in vanilla,"" Seth Meyers said. Our late-night roundup: https://t.co/VCswTaUg9Q",51
451,2018-03-23 13:08:42+00:00,-0.34,0.107,0.893,The New York Times,0.0,"Breaking News: An armed man opened fire and took hostages in a supermarket in France, claiming to be acting on beha… https://t.co/29pCnZYCbv",52
452,2018-03-23 13:00:31+00:00,0.0,0.0,1.0,The New York Times,0.0,Morning Briefing: Here's what you need to know to start your day https://t.co/yJwtr8lLUt https://t.co/nn0hbhEVq8,53
453,2018-03-23 12:51:19+00:00,0.0,0.0,1.0,The New York Times,0.0,"""Hamilton,"" ""Frozen"" and many Broadway shows all rehearse in one building in New York City. We take you behind the… https://t.co/KM7CVBp62M",54
454,2018-03-23 12:41:03+00:00,-0.836,0.357,0.643,The New York Times,0.0,A firefighter was killed and two others were seriously injured by a blaze at a Harlem building being used as a movi… https://t.co/Rgr6LDzv1c,55
455,2018-03-23 12:35:00+00:00,-0.6908,0.198,0.802,The New York Times,0.0,"""All of the information we have at the moment suggests that this is a terrorist attack,"" the French prime minister… https://t.co/U8vxwaymSY",56
456,2018-03-23 12:30:02+00:00,-0.5994,0.329,0.549,The New York Times,0.122,European leaders issued a relatively tough statement effectively blaming Moscow for the nerve agent attack on a for… https://t.co/CQsSK3XD8b,57
457,2018-03-23 12:20:05+00:00,0.0,0.0,1.0,The New York Times,0.0,"In an NYT interview in 2002, John Bolton was asked about the Bush administration's stance on North Korea. He grabbe… https://t.co/ztoVgBJmcV",58
458,2018-03-23 12:11:01+00:00,-0.3612,0.16,0.751,The New York Times,0.089,"Your daily @DealBook Briefing:

• China is threatening tariffs on $3 billion worth of U.S. goods.

• Congress passe… https://t.co/ZTGrG4LzdH",59
459,2018-03-23 11:58:45+00:00,-0.5574,0.159,0.841,The New York Times,0.0,"A police operation is underway in Trèbes, in the southwest of France, after reports that a gunman had fired shots a… https://t.co/eAF5r3ecB5",60
460,2018-03-23 11:46:04+00:00,0.0,0.0,1.0,The New York Times,0.0,"The Austin bombings have stoked the raw racial, economic, political and geographical divisions that continue to sha… https://t.co/nmrUhKFJ5Z",61
461,2018-03-23 11:30:09+00:00,-0.7579,0.265,0.735,The New York Times,0.0,"More than 150 whales became stranded on a Western Australia beach, officials said. Poor weather and the threat of f… https://t.co/iBCBfAlfG4",62
462,2018-03-23 11:20:02+00:00,-0.2732,0.18,0.691,The New York Times,0.129,A brewing trade war between China and the United States sent markets reeling across Asia and Europe https://t.co/ZO5WHlNkar,63
463,2018-03-23 11:10:06+00:00,0.6369,0.0,0.826,The New York Times,0.174,"For decades, Americans have believed that the best way to end racial inequality is to end class inequality. But a l… https://t.co/hAjMjkpJ2c",64
464,2018-03-23 11:00:08+00:00,-0.5574,0.167,0.833,The New York Times,0.0,"A firefighter died after responding to a blaze at a building in Harlem that was being used for the film ""Motherless… https://t.co/WKQL7uqp6a",65
465,2018-03-23 10:50:04+00:00,-0.0772,0.109,0.796,The New York Times,0.095,"China announced that it would impose tariffs on $3 billion worth of American-produced goods, hours after President… https://t.co/5BcgZoFWz3",66
466,2018-03-23 10:40:04+00:00,-0.5267,0.134,0.866,The New York Times,0.0,"""My daughter was hurt by a boy who shot her in the head and took everything from our lives,"" her mother said. ""She… https://t.co/OJxLMvAbVK",67
467,2018-03-23 10:30:10+00:00,0.0,0.0,1.0,The New York Times,0.0,"In Opinion

Op-Ed columnist @FrankBruni writes: You would choose a pilot who had flown 999 flights over one with ni… https://t.co/RUyygfxZMS",68
468,2018-03-23 10:21:02+00:00,0.4588,0.0,0.87,The New York Times,0.13,"The halo, a head protection system, will appear on racecars for the first time in a Formula One grand prix on Sunda… https://t.co/JEczmwYJr2",69
469,2018-03-23 10:11:03+00:00,-0.1027,0.065,0.935,The New York Times,0.0,"President Trump put China squarely in his cross hairs on Thursday, imposing tariffs on as much as $60 billion worth… https://t.co/fI7ZC9RT37",70
470,2018-03-23 10:04:04+00:00,0.0,0.0,1.0,The New York Times,0.0,Morning Briefing: Here's what you need to know to start your day https://t.co/7GuzRTp5Nn https://t.co/wTLS3T8zJ0,71
471,2018-03-23 09:45:03+00:00,-0.2732,0.204,0.681,The New York Times,0.115,"John Dowd, who resigned as President Trump's lead lawyer for the special counsel investigation, broke with Trump ov… https://t.co/929RrsDtjh",72
472,2018-03-23 09:33:06+00:00,0.6249,0.0,0.814,The New York Times,0.186,"Floating between California and Hawaii, the ""Great Pacific Garbage Patch"" is up to 16 times bigger than previously… https://t.co/74CV7TOV6S",73
473,2018-03-23 09:16:02+00:00,0.0,0.0,1.0,The New York Times,0.0,"""You don't catch a ride with your thumb. You catch it with a smile."" https://t.co/UF5b0vKYgh",74
474,2018-03-23 09:00:04+00:00,-0.4019,0.163,0.837,The New York Times,0.0,"""The Trump-Bolton team then will ramp up pressure. And we will hear more talk about a pre-emptive strike and see te… https://t.co/BfISNVrj5S",75
475,2018-03-23 08:45:05+00:00,0.0,0.0,1.0,The New York Times,0.0,"“This is a wake-up call for the government,” said the secretary general of France's second-largest railway union https://t.co/torW97uS2K",76
476,2018-03-23 08:31:07+00:00,-0.7184,0.273,0.727,The New York Times,0.0,"There is every risk that Turkey could find itself embroiled in a guerrilla war in Syria, @carlottagall writes https://t.co/zYfh7Eop0j",77
477,2018-03-23 08:14:01+00:00,-0.296,0.155,0.845,The New York Times,0.0,All the major firings and resignations in the Trump administration — so far https://t.co/cs0Xp8nJA9,78
478,2018-03-23 08:00:12+00:00,-0.0772,0.104,0.806,The New York Times,0.09,"China announced that it planned to impose tariffs on $3 billion worth of American-produced fruit, pork, wine, seaml… https://t.co/lwdXDqLDKe",79
479,2018-03-23 07:46:04+00:00,-0.25,0.1,0.9,The New York Times,0.0,"After 110 days alone at sea, 71-year-old Aleksander Doba finally completed his mission to kayak across the Atlantic… https://t.co/dzVrCZcfRM",80
480,2018-03-23 07:32:05+00:00,0.0,0.0,1.0,The New York Times,0.0,Blue passports were meant to be a symbol of post-Brexit Britain. They're coming  — but they'll be coming from Franc… https://t.co/WxHSZG7208,81
481,2018-03-23 07:16:03+00:00,0.8271,0.0,0.707,The New York Times,0.293,"RT @nytimesworld: 44 African countries sign on to a free trade pact, which would create the biggest free trade zone since the World Trade O…",82
482,2018-03-23 07:02:00+00:00,-0.5267,0.206,0.794,The New York Times,0.0,Trump says getting tough on Chinese trade will empower the U.S. Experts worry it will do the opposite. https://t.co/qh7nyimzI0,83
483,2018-03-23 06:41:04+00:00,-0.7579,0.273,0.727,The New York Times,0.0,"RT @nytopinion: We can blame Facebook and Cambridge Analytica for the damage they’ve done, but the responsibility lies with all of us. http…",84
484,2018-03-23 06:21:04+00:00,0.1027,0.0,0.935,The New York Times,0.065,The U.S. will initially exempt key allies from its blanket steel and aluminum tariffs. But that will limit the impa… https://t.co/t2DqeHbIqC,85
485,2018-03-23 05:58:25+00:00,0.0243,0.142,0.71,The New York Times,0.148,"Untangling yourself from a site like Facebook is not as easy as pressing ""delete"" https://t.co/fxZk2rVrNV",86
486,2018-03-23 05:41:02+00:00,0.0,0.0,1.0,The New York Times,0.0,RT @EricAsimov: On the greatness of everyday wines. https://t.co/1jVcfr6afK,87
487,2018-03-23 05:28:53+00:00,0.0,0.0,1.0,The New York Times,0.0,"Responding to Trump, China Plans New Tariffs on U.S. Goods https://t.co/90hes0sRz9",88
488,2018-03-23 05:21:06+00:00,0.0243,0.142,0.71,The New York Times,0.148,Untangling yourself from a site like Facebook is not as easy as pressing “delete” https://t.co/Ac0v7lsKYB,89
489,2018-03-23 05:02:04+00:00,0.5994,0.074,0.675,The New York Times,0.252,RT @Watching: Catch these great movies before they leave Netflix in April https://t.co/XJMn5Pv91w,90
490,2018-03-23 04:47:04+00:00,0.2023,0.0,0.859,The New York Times,0.141,Greenhouse gas emissions rose last year. Here are the top 5 reasons. https://t.co/UhLQrmb0LD,91
491,2018-03-23 04:43:36+00:00,0.0,0.0,1.0,The New York Times,0.0,"Congress passed a $1.3 trillion spending bill, keeping the government open through September
https://t.co/ENCrfG8wHb",92
492,2018-03-23 04:32:07+00:00,0.6249,0.0,0.814,The New York Times,0.186,"Floating between California and Hawaii, the ""Great Pacific Garbage Patch"" is up to 16 times bigger than previously… https://t.co/3Eq16vuwSk",93
493,2018-03-23 04:17:04+00:00,0.4404,0.0,0.868,The New York Times,0.132,"Students hope the March for Our Lives sends a message that their generation has arrived: ""It's going to look scary… https://t.co/z8hpE8RCQM",94
494,2018-03-23 04:02:03+00:00,0.296,0.0,0.905,The New York Times,0.095,RT @nytpolitics: John Bolton is the third TV personality to join the Trump White House team in the past eight days https://t.co/Cw9ZRIQdEW,95
495,2018-03-23 03:47:02+00:00,0.0,0.0,1.0,The New York Times,0.0,"The six-inch-long skeleton has ten ribs, giant eye sockets and a long skull that ends in a point. It is not an alie… https://t.co/NwS5CVeh9l",96
496,2018-03-23 03:47:02+00:00,0.1779,0.0,0.825,The New York Times,0.175,Emmanuel Macron Becomes France’s Answer to Strongman Populism https://t.co/9bXjrLnLKq,97
497,2018-03-23 03:32:01+00:00,0.0,0.0,1.0,The New York Times,0.0,"The Ukrainian Parliament began enforcing a new law requiring lawmakers to check guns, explosives and other weapons… https://t.co/Hwm8vOlPsp",98
498,2018-03-23 03:21:07+00:00,-0.5267,0.185,0.815,The New York Times,0.0,RT @nytopinion: .@PaulKrugman: What Trump doesn't know about world trade can and will hurt you https://t.co/pegZJXcSCQ,99
499,2018-03-23 03:12:06+00:00,-0.4404,0.146,0.854,The New York Times,0.0,Michigan slogged through the opening weekend of March Madness. They quickly found their oomph against Texas A&amp;M. https://t.co/taPntSuUPg,100
